data_series,algorithm_type,reputation_score,metric_score(FScore(2.0)),configuration
(Tcp_Close#PLAIN#UNIX_NETWORK)/(Tcp_Established#PLAIN#UNIX_NETWORK)#PLAIN#COMPOSITION§HIST§1.0§0.7338624338624343§interval_width=0.5&
(Tcp_Close#PLAIN#UNIX_NETWORK)/(Tcp_Established#PLAIN#UNIX_NETWORK)#DIFFERENCE#COMPOSITION§HIST§1.0§0.7338624338624343§interval_width=0.5&
(Tcp_Close#DIFFERENCE#UNIX_NETWORK)/(Tcp_Established#DIFFERENCE#UNIX_NETWORK)#DIFFERENCE#COMPOSITION§HIST§1.0§0.7338624338624343§interval_width=0.5&
(Tcp_TimeWait#DIFFERENCE#UNIX_NETWORK)/(SystemCpuLoad#DIFFERENCE#JVM)#PLAIN#COMPOSITION§HIST§1.0§0.5364858906525577§interval_width=0.5&
(Tcp_TimeWait#DIFFERENCE#UNIX_NETWORK)/(SystemCpuLoad#DIFFERENCE#JVM)#DIFFERENCE#COMPOSITION§HIST§1.0§0.5102072310405648§interval_width=0.5&
(Tcp_TimeWait#PLAIN#UNIX_NETWORK)/(SystemCpuLoad#PLAIN#JVM)#PLAIN#COMPOSITION§HIST§1.0§0.5102072310405648§interval_width=0.5&
(Tcp_TimeWait#PLAIN#UNIX_NETWORK)/(SystemCpuLoad#PLAIN#JVM)#DIFFERENCE#COMPOSITION§HIST§1.0§0.5102072310405648§interval_width=0.5&
CurrentThreadUserTime#DIFFERENCE#JVM§SPS§1.0§0.31797901960440667§pdv=0.999&pos=0.999&pov=0.999&dweight=1&m=40&pds=0.999&n=40&
CPU User Processes#PLAIN#CENTOS§SPS§1.0§0.30196646104153857§pdv=0.9999&pos=0.9999&pov=0.9999&dweight=1&m=20&pds=0.9999&n=20&
(CurrentThreadCpuTime#DIFFERENCE#JVM)+(CurrentThreadUserTime#DIFFERENCE#JVM)#PLAIN#COMPOSITION§SPS§1.0§0.2798164254046608§pdv=0.9999&pos=0.9999&pov=0.9999&dweight=1&m=40&pds=0.9999&n=40&
(CurrentThreadCpuTime#DIFFERENCE#JVM)+(CurrentThreadUserTime#DIFFERENCE#JVM)#DIFFERENCE#COMPOSITION§SPS§1.0§0.2798164254046608§pdv=0.9999&pos=0.9999&pov=0.9999&dweight=1&m=40&pds=0.9999&n=40&
HeapMemoryUsage.committed#DIFFERENCE#JVM§SPS§1.0§0.2704365079365079§pdv=0.9999&pos=0.9999&pov=0.9999&dweight=1&m=10&pds=0.9999&n=10&
(HeapMemoryUsage.committed#DIFFERENCE#JVM)+(NonHeapMemoryUsage.committed#DIFFERENCE#JVM)#PLAIN#COMPOSITION§SPS§1.0§0.2704365079365079§pdv=0.9999&pos=0.9999&pov=0.9999&dweight=1&m=10&pds=0.9999&n=10&
(HeapMemoryUsage.committed#DIFFERENCE#JVM)-(NonHeapMemoryUsage.committed#DIFFERENCE#JVM)#PLAIN#COMPOSITION§SPS§1.0§0.2704365079365079§pdv=0.9999&pos=0.9999&pov=0.9999&dweight=1&m=10&pds=0.9999&n=10&
(HeapMemoryUsage.committed#DIFFERENCE#JVM)+(NonHeapMemoryUsage.committed#DIFFERENCE#JVM)#DIFFERENCE#COMPOSITION§SPS§1.0§0.2704365079365079§pdv=0.9999&pos=0.9999&pov=0.9999&dweight=1&m=10&pds=0.9999&n=10&
(HeapMemoryUsage.committed#DIFFERENCE#JVM)-(NonHeapMemoryUsage.committed#DIFFERENCE#JVM)#DIFFERENCE#COMPOSITION§SPS§1.0§0.2704365079365079§pdv=0.9999&pos=0.9999&pov=0.9999&dweight=1&m=10&pds=0.9999&n=10&
(HeapMemoryUsage.committed#DIFFERENCE#JVM)/(NonHeapMemoryUsage.committed#DIFFERENCE#JVM)#DIFFERENCE#COMPOSITION§SPS§1.0§0.2704365079365079§pdv=0.9999&pos=0.9999&pov=0.9999&dweight=1&m=10&pds=0.9999&n=10&
(HeapMemoryUsage.committed#PLAIN#JVM)+(NonHeapMemoryUsage.committed#PLAIN#JVM)#DIFFERENCE#COMPOSITION§SPS§1.0§0.2704365079365079§pdv=0.9999&pos=0.9999&pov=0.9999&dweight=1&m=10&pds=0.9999&n=10&
(HeapMemoryUsage.committed#PLAIN#JVM)-(NonHeapMemoryUsage.committed#PLAIN#JVM)#DIFFERENCE#COMPOSITION§SPS§1.0§0.2704365079365079§pdv=0.9999&pos=0.9999&pov=0.9999&dweight=1&m=10&pds=0.9999&n=10&
(HeapMemoryUsage.committed#PLAIN#JVM)/(NonHeapMemoryUsage.committed#PLAIN#JVM)#DIFFERENCE#COMPOSITION§SPS§1.0§0.2704365079365079§pdv=0.9999&pos=0.9999&pov=0.9999&dweight=1&m=10&pds=0.9999&n=10&
(Tcp_TimeWait#PLAIN#UNIX_NETWORK)-(SystemCpuLoad#PLAIN#JVM)#PLAIN#COMPOSITION§HIST§1.0§0.24533135486521995§interval_width=2.5&
(SystemCpuLoad#DIFFERENCE#JVM)/(ProcessCpuLoad#DIFFERENCE#JVM)#PLAIN#COMPOSITION§HIST§1.0§0.22981787256813066§interval_width=0.5&
(CurrentThreadUserTime#PLAIN#JVM)+(FreePhysicalMemorySize#PLAIN#JVM)#DIFFERENCE#COMPOSITION§SPS§1.0§0.22283888831231463§pdv=0.999&pos=0.999&pov=0.999&dweight=1&m=20&pds=0.999&n=20&
(CurrentThreadUserTime#PLAIN#JVM)-(FreePhysicalMemorySize#PLAIN#JVM)#DIFFERENCE#COMPOSITION§SPS§1.0§0.2168405077318719§pdv=0.9999&pos=0.9999&pov=0.9999&dweight=0&m=20&pds=0.9999&n=20&
SystemCpuLoad#DIFFERENCE#JVM§SPS§1.0§0.21639726468157844§pdv=0.99&pos=0.99&pov=0.99&dweight=1&m=40&pds=0.99&n=40&
(SystemCpuLoad#PLAIN#JVM)+(ProcessCpuLoad#PLAIN#JVM)#DIFFERENCE#COMPOSITION§SPS§1.0§0.21631607317881824§pdv=0.99&pos=0.99&pov=0.99&dweight=1&m=40&pds=0.99&n=40&
(SystemCpuLoad#DIFFERENCE#JVM)+(ProcessCpuLoad#DIFFERENCE#JVM)#PLAIN#COMPOSITION§SPS§1.0§0.21631607317881824§pdv=0.99&pos=0.99&pov=0.99&dweight=1&m=40&pds=0.99&n=40&
(SystemCpuLoad#DIFFERENCE#JVM)+(ProcessCpuLoad#DIFFERENCE#JVM)#DIFFERENCE#COMPOSITION§SPS§1.0§0.21631607317881824§pdv=0.99&pos=0.99&pov=0.99&dweight=1&m=40&pds=0.99&n=40&
(Net_Received#DIFFERENCE#UNIX_NETWORK)-(Tcp_Established#DIFFERENCE#UNIX_NETWORK)#PLAIN#COMPOSITION§HIST§1.0§0.21480233194905243§interval_width=1.0&
(Net_Received#DIFFERENCE#UNIX_NETWORK)-(Tcp_Established#DIFFERENCE#UNIX_NETWORK)#DIFFERENCE#COMPOSITION§HIST§1.0§0.21480233194905243§interval_width=1.0&
(Net_Received#PLAIN#UNIX_NETWORK)-(Tcp_Established#PLAIN#UNIX_NETWORK)#DIFFERENCE#COMPOSITION§HIST§1.0§0.21480233194905243§interval_width=1.0&
(Tcp_TimeWait#DIFFERENCE#UNIX_NETWORK)-(SystemCpuLoad#DIFFERENCE#JVM)#PLAIN#COMPOSITION§HIST§1.0§0.2101202079272256§interval_width=1.0&
(Tcp_TimeWait#DIFFERENCE#UNIX_NETWORK)-(SystemCpuLoad#DIFFERENCE#JVM)#DIFFERENCE#COMPOSITION§HIST§1.0§0.2101202079272256§interval_width=1.0&
(Tcp_TimeWait#PLAIN#UNIX_NETWORK)-(SystemCpuLoad#PLAIN#JVM)#DIFFERENCE#COMPOSITION§HIST§1.0§0.2101202079272256§interval_width=1.0&
(Tcp_Syn#PLAIN#UNIX_NETWORK)+(Buffers#PLAIN#CENTOS)#PLAIN#COMPOSITION§SPS§1.0§0.20956923432413624§pdv=0.9999&pos=0.9999&pov=0.9999&dweight=1&m=10&pds=0.9999&n=10&
Tcp_Syn#PLAIN#UNIX_NETWORK§SPS§1.0§0.20926398401888593§pdv=0.9999&pos=0.9999&pov=0.9999&dweight=1&m=10&pds=0.9999&n=10&
(Tcp_Syn#PLAIN#UNIX_NETWORK)-(Buffers#PLAIN#CENTOS)#PLAIN#COMPOSITION§SPS§1.0§0.20926398401888593§pdv=0.9999&pos=0.9999&pov=0.9999&dweight=1&m=10&pds=0.9999&n=10&
(Tcp_Syn#PLAIN#UNIX_NETWORK)/(Buffers#PLAIN#CENTOS)#PLAIN#COMPOSITION§SPS§1.0§0.20926398401888593§pdv=0.9999&pos=0.9999&pov=0.9999&dweight=1&m=10&pds=0.9999&n=10&
(SystemCpuLoad#PLAIN#JVM)/(ProcessCpuLoad#PLAIN#JVM)#PLAIN#COMPOSITION§HIST§1.0§0.2064024781452544§interval_width=0.5&
(SystemCpuLoad#PLAIN#JVM)-(ProcessCpuLoad#PLAIN#JVM)#DIFFERENCE#COMPOSITION§SPS§1.0§0.20577495737454465§pdv=0.999&pos=0.999&pov=0.999&dweight=1&m=40&pds=0.999&n=40&
(SystemCpuLoad#DIFFERENCE#JVM)-(ProcessCpuLoad#DIFFERENCE#JVM)#PLAIN#COMPOSITION§SPS§1.0§0.20577495737454465§pdv=0.999&pos=0.999&pov=0.999&dweight=1&m=40&pds=0.999&n=40&
(SystemCpuLoad#DIFFERENCE#JVM)-(ProcessCpuLoad#DIFFERENCE#JVM)#DIFFERENCE#COMPOSITION§SPS§1.0§0.20577495737454465§pdv=0.999&pos=0.999&pov=0.999&dweight=1&m=40&pds=0.999&n=40&
(Net_Received#PLAIN#UNIX_NETWORK)-(Tcp_Established#PLAIN#UNIX_NETWORK)#PLAIN#COMPOSITION§HIST§1.0§0.2004858483562113§interval_width=0.5&
CPU Kernel Processes#PLAIN#CENTOS§SPS§1.0§0.19512987012987013§pdv=0.9999&pos=0.9999&pov=0.9999&dweight=1&m=20&pds=0.9999&n=20&
Tcp_Syn#DIFFERENCE#UNIX_NETWORK§SPS§1.0§0.19405365422522283§pdv=0.9999&pos=0.9999&pov=0.9999&dweight=1&m=10&pds=0.9999&n=10&
(Tcp_Syn#PLAIN#UNIX_NETWORK)+(Buffers#PLAIN#CENTOS)#DIFFERENCE#COMPOSITION§SPS§1.0§0.19405365422522283§pdv=0.9999&pos=0.9999&pov=0.9999&dweight=1&m=10&pds=0.9999&n=10&
(Tcp_Syn#PLAIN#UNIX_NETWORK)-(Buffers#PLAIN#CENTOS)#DIFFERENCE#COMPOSITION§SPS§1.0§0.19405365422522283§pdv=0.9999&pos=0.9999&pov=0.9999&dweight=1&m=10&pds=0.9999&n=10&
(Tcp_Syn#PLAIN#UNIX_NETWORK)/(Buffers#PLAIN#CENTOS)#DIFFERENCE#COMPOSITION§SPS§1.0§0.19405365422522283§pdv=0.9999&pos=0.9999&pov=0.9999&dweight=1&m=10&pds=0.9999&n=10&
(Tcp_Syn#DIFFERENCE#UNIX_NETWORK)+(Buffers#DIFFERENCE#CENTOS)#PLAIN#COMPOSITION§SPS§1.0§0.19405365422522283§pdv=0.9999&pos=0.9999&pov=0.9999&dweight=1&m=10&pds=0.9999&n=10&
(Tcp_Syn#DIFFERENCE#UNIX_NETWORK)-(Buffers#DIFFERENCE#CENTOS)#PLAIN#COMPOSITION§SPS§1.0§0.19405365422522283§pdv=0.9999&pos=0.9999&pov=0.9999&dweight=1&m=10&pds=0.9999&n=10&
(Tcp_Syn#DIFFERENCE#UNIX_NETWORK)+(Buffers#DIFFERENCE#CENTOS)#DIFFERENCE#COMPOSITION§SPS§1.0§0.19405365422522283§pdv=0.9999&pos=0.9999&pov=0.9999&dweight=1&m=10&pds=0.9999&n=10&
(Tcp_Syn#DIFFERENCE#UNIX_NETWORK)-(Buffers#DIFFERENCE#CENTOS)#DIFFERENCE#COMPOSITION§SPS§1.0§0.19405365422522283§pdv=0.9999&pos=0.9999&pov=0.9999&dweight=1&m=10&pds=0.9999&n=10&
(Tcp_Syn#DIFFERENCE#UNIX_NETWORK)/(Buffers#DIFFERENCE#CENTOS)#DIFFERENCE#COMPOSITION§SPS§1.0§0.19405365422522283§pdv=0.9999&pos=0.9999&pov=0.9999&dweight=1&m=10&pds=0.9999&n=10&
Net_Received#PLAIN#UNIX_NETWORK§HIST§1.0§0.18709312580594673§interval_width=1.5&
Net_Received#DIFFERENCE#UNIX_NETWORK§HIST§1.0§0.18699248168356344§interval_width=0.5&
(Tcp_TimeWait#DIFFERENCE#UNIX_NETWORK)-(SystemCpuLoad#DIFFERENCE#JVM)#PLAIN#COMPOSITION§SPS§1.0§0.1865839726464755§pdv=0.999&pos=0.999&pov=0.999&dweight=1&m=20&pds=0.999&n=20&
(Tcp_TimeWait#DIFFERENCE#UNIX_NETWORK)-(SystemCpuLoad#DIFFERENCE#JVM)#DIFFERENCE#COMPOSITION§SPS§1.0§0.1865839726464755§pdv=0.999&pos=0.999&pov=0.999&dweight=1&m=20&pds=0.999&n=20&
(Tcp_TimeWait#PLAIN#UNIX_NETWORK)-(SystemCpuLoad#PLAIN#JVM)#DIFFERENCE#COMPOSITION§SPS§1.0§0.1865839726464755§pdv=0.999&pos=0.999&pov=0.999&dweight=1&m=20&pds=0.999&n=20&
(SystemCpuLoad#PLAIN#JVM)/(ProcessCpuLoad#PLAIN#JVM)#DIFFERENCE#COMPOSITION§HIST§1.0§0.18620502782009507§interval_width=0.5&
(SystemCpuLoad#DIFFERENCE#JVM)/(ProcessCpuLoad#DIFFERENCE#JVM)#DIFFERENCE#COMPOSITION§HIST§1.0§0.18620502782009507§interval_width=0.5&
HeapMemoryUsage.committed#PLAIN#JVM§SPS§1.0§0.1838624338624339§pdv=0.9999&pos=0.9999&pov=0.9999&dweight=0&m=10&pds=0.9999&n=10&
(HeapMemoryUsage.committed#PLAIN#JVM)+(NonHeapMemoryUsage.committed#PLAIN#JVM)#PLAIN#COMPOSITION§SPS§1.0§0.1838624338624339§pdv=0.9999&pos=0.9999&pov=0.9999&dweight=0&m=10&pds=0.9999&n=10&
(HeapMemoryUsage.committed#PLAIN#JVM)-(NonHeapMemoryUsage.committed#PLAIN#JVM)#PLAIN#COMPOSITION§SPS§1.0§0.1838624338624339§pdv=0.9999&pos=0.9999&pov=0.9999&dweight=0&m=10&pds=0.9999&n=10&
(HeapMemoryUsage.committed#PLAIN#JVM)/(NonHeapMemoryUsage.committed#PLAIN#JVM)#PLAIN#COMPOSITION§SPS§1.0§0.1838624338624339§pdv=0.9999&pos=0.9999&pov=0.9999&dweight=0&m=10&pds=0.9999&n=10&
(Tcp_TimeWait#DIFFERENCE#UNIX_NETWORK)+(SystemCpuLoad#DIFFERENCE#JVM)#PLAIN#COMPOSITION§SPS§1.0§0.17378319827365243§pdv=0.999&pos=0.999&pov=0.999&dweight=0&m=20&pds=0.999&n=20&
(Tcp_TimeWait#DIFFERENCE#UNIX_NETWORK)+(SystemCpuLoad#DIFFERENCE#JVM)#DIFFERENCE#COMPOSITION§SPS§1.0§0.17378319827365243§pdv=0.999&pos=0.999&pov=0.999&dweight=0&m=20&pds=0.999&n=20&
(Tcp_TimeWait#PLAIN#UNIX_NETWORK)+(SystemCpuLoad#PLAIN#JVM)#DIFFERENCE#COMPOSITION§SPS§1.0§0.17378319827365243§pdv=0.999&pos=0.999&pov=0.999&dweight=0&m=20&pds=0.999&n=20&
(CPU Idle Processes#PLAIN#CENTOS)-(Minor Page Faults#PLAIN#CENTOS)#PLAIN#COMPOSITION§SPS§1.0§0.16964991798325135§pdv=0.9999&pos=0.9999&pov=0.9999&dweight=1&m=10&pds=0.9999&n=10&
(Net_Received#DIFFERENCE#UNIX_NETWORK)+(Tcp_Established#DIFFERENCE#UNIX_NETWORK)#PLAIN#COMPOSITION§HIST§1.0§0.16735868975041052§interval_width=0.5&
(Net_Received#DIFFERENCE#UNIX_NETWORK)+(Tcp_Established#DIFFERENCE#UNIX_NETWORK)#DIFFERENCE#COMPOSITION§HIST§1.0§0.16735868975041052§interval_width=0.5&
(Net_Received#PLAIN#UNIX_NETWORK)+(Tcp_Established#PLAIN#UNIX_NETWORK)#DIFFERENCE#COMPOSITION§HIST§1.0§0.16735868975041052§interval_width=0.5&
(Buffers#PLAIN#CENTOS)/(Minor Page Faults#PLAIN#CENTOS)#PLAIN#COMPOSITION§SPS§1.0§0.16563554761181185§pdv=0.9999&pos=0.9999&pov=0.9999&dweight=1&m=10&pds=0.9999&n=10&
Minor Page Faults#PLAIN#CENTOS§SPS§1.0§0.16501826366119457§pdv=0.9999&pos=0.9999&pov=0.9999&dweight=1&m=10&pds=0.9999&n=10&
(Buffers#PLAIN#CENTOS)+(Minor Page Faults#PLAIN#CENTOS)#PLAIN#COMPOSITION§SPS§1.0§0.16501826366119457§pdv=0.9999&pos=0.9999&pov=0.9999&dweight=1&m=10&pds=0.9999&n=10&
(Buffers#PLAIN#CENTOS)-(Minor Page Faults#PLAIN#CENTOS)#PLAIN#COMPOSITION§SPS§1.0§0.16325459523085947§pdv=0.9999&pos=0.9999&pov=0.9999&dweight=1&m=10&pds=0.9999&n=10&
(CPU Idle Processes#PLAIN#CENTOS)+(Minor Page Faults#PLAIN#CENTOS)#PLAIN#COMPOSITION§SPS§1.0§0.15754365805146536§pdv=0.9999&pos=0.9999&pov=0.9999&dweight=1&m=10&pds=0.9999&n=10&
(Free Virtual Pages#PLAIN#CENTOS)+(Minor Page Faults#PLAIN#CENTOS)#PLAIN#COMPOSITION§SPS§1.0§0.15602915755650543§pdv=0.9999&pos=0.9999&pov=0.9999&dweight=1&m=10&pds=0.9999&n=10&
(Net_Received#PLAIN#UNIX_NETWORK)+(Tcp_Established#PLAIN#UNIX_NETWORK)#PLAIN#COMPOSITION§HIST§1.0§0.15595302561777658§interval_width=0.5&
(Free Virtual Pages#PLAIN#CENTOS)-(Minor Page Faults#PLAIN#CENTOS)#PLAIN#COMPOSITION§SPS§1.0§0.1557513178256213§pdv=0.9999&pos=0.9999&pov=0.9999&dweight=1&m=10&pds=0.9999&n=10&
(Free Virtual Pages#PLAIN#CENTOS)/(Minor Page Faults#PLAIN#CENTOS)#PLAIN#COMPOSITION§SPS§1.0§0.15538925704689383§pdv=0.9999&pos=0.9999&pov=0.9999&dweight=1&m=10&pds=0.9999&n=10&
Inactive Files#DIFFERENCE#CENTOS§SPS§1.0§0.15162029328695997§pdv=0.9999&pos=0.9999&pov=0.9999&dweight=0&m=20&pds=0.9999&n=20&
(Inactive Files#DIFFERENCE#CENTOS)/(Activated Virtual Pages#DIFFERENCE#CENTOS)#DIFFERENCE#COMPOSITION§SPS§1.0§0.15162029328695997§pdv=0.9999&pos=0.9999&pov=0.9999&dweight=0&m=20&pds=0.9999&n=20&
Inactive Memory#DIFFERENCE#CENTOS§SPS§1.0§0.14730608897275566§pdv=0.9999&pos=0.9999&pov=0.9999&dweight=0&m=20&pds=0.9999&n=20&
(Inactive Memory#DIFFERENCE#CENTOS)/(Activated Virtual Pages#DIFFERENCE#CENTOS)#DIFFERENCE#COMPOSITION§SPS§1.0§0.14730608897275566§pdv=0.9999&pos=0.9999&pov=0.9999&dweight=0&m=20&pds=0.9999&n=20&
Free Virtual Pages#PLAIN#CENTOS§SPS§1.0§0.14457651887347456§pdv=0.9999&pos=0.9999&pov=0.9999&dweight=1&m=10&pds=0.9999&n=10&
(Inactive Memory#DIFFERENCE#CENTOS)+(Activated Virtual Pages#DIFFERENCE#CENTOS)#PLAIN#COMPOSITION§SPS§1.0§0.14191844375667906§pdv=0.9999&pos=0.9999&pov=0.9999&dweight=0&m=20&pds=0.9999&n=20&
(Inactive Memory#DIFFERENCE#CENTOS)+(Activated Virtual Pages#DIFFERENCE#CENTOS)#DIFFERENCE#COMPOSITION§SPS§1.0§0.14191844375667906§pdv=0.9999&pos=0.9999&pov=0.9999&dweight=0&m=20&pds=0.9999&n=20&
(CurrentThreadCpuTime#DIFFERENCE#JVM)-(CurrentThreadUserTime#DIFFERENCE#JVM)#PLAIN#COMPOSITION§SPS§1.0§0.14170599170885337§pdv=0.999&pos=0.999&pov=0.999&dweight=0&m=40&pds=0.999&n=40&
(CurrentThreadCpuTime#DIFFERENCE#JVM)-(CurrentThreadUserTime#DIFFERENCE#JVM)#DIFFERENCE#COMPOSITION§SPS§1.0§0.14170599170885337§pdv=0.999&pos=0.999&pov=0.999&dweight=0&m=40&pds=0.999&n=40&
(CurrentThreadCpuTime#DIFFERENCE#JVM)/(CurrentThreadUserTime#DIFFERENCE#JVM)#DIFFERENCE#COMPOSITION§SPS§1.0§0.14134514370936346§pdv=0.9999&pos=0.9999&pov=0.9999&dweight=1&m=20&pds=0.9999&n=20&
(Inactive Memory#DIFFERENCE#CENTOS)-(Activated Virtual Pages#DIFFERENCE#CENTOS)#PLAIN#COMPOSITION§SPS§1.0§0.14081535748202417§pdv=0.9999&pos=0.9999&pov=0.9999&dweight=0&m=20&pds=0.9999&n=20&
(Inactive Memory#DIFFERENCE#CENTOS)-(Activated Virtual Pages#DIFFERENCE#CENTOS)#DIFFERENCE#COMPOSITION§SPS§1.0§0.14081535748202417§pdv=0.9999&pos=0.9999&pov=0.9999&dweight=0&m=20&pds=0.9999&n=20&
(CPU Kernel Processes#DIFFERENCE#CENTOS)/(Activated Virtual Pages#DIFFERENCE#CENTOS)#DIFFERENCE#COMPOSITION§SPS§1.0§0.13958294791628123§pdv=0.9999&pos=0.9999&pov=0.9999&dweight=1&m=30&pds=0.9999&n=30&
(CPU I/O Wait Processes#PLAIN#CENTOS)-(CPU Idle Processes#PLAIN#CENTOS)#DIFFERENCE#COMPOSITION§SPS§1.0§0.1382642276024629§pdv=0.99&pos=0.99&pov=0.99&dweight=1&m=40&pds=0.99&n=40&
(CPU Idle Processes#DIFFERENCE#CENTOS)+(SystemCpuLoad#PLAIN#JVM)#PLAIN#COMPOSITION§SPS§1.0§0.13766760200583728§pdv=0.99&pos=0.99&pov=0.99&dweight=1&m=40&pds=0.99&n=40&
(CPU Idle Processes#DIFFERENCE#CENTOS)+(SystemCpuLoad#PLAIN#JVM)#DIFFERENCE#COMPOSITION§SPS§1.0§0.1373114766497119§pdv=0.99&pos=0.99&pov=0.99&dweight=1&m=40&pds=0.99&n=40&
CPU Idle Processes#DIFFERENCE#CENTOS§SPS§1.0§0.13694147627971157§pdv=0.99&pos=0.99&pov=0.99&dweight=1&m=40&pds=0.99&n=40&
(CPU Idle Processes#DIFFERENCE#CENTOS)-(SystemCpuLoad#PLAIN#JVM)#PLAIN#COMPOSITION§SPS§1.0§0.13652060085883613§pdv=0.99&pos=0.99&pov=0.99&dweight=1&m=40&pds=0.99&n=40&
(CPU Idle Processes#DIFFERENCE#CENTOS)-(SystemCpuLoad#PLAIN#JVM)#DIFFERENCE#COMPOSITION§SPS§1.0§0.13652060085883613§pdv=0.99&pos=0.99&pov=0.99&dweight=1&m=40&pds=0.99&n=40&
(CPU I/O Wait Processes#PLAIN#CENTOS)+(CPU Idle Processes#PLAIN#CENTOS)#DIFFERENCE#COMPOSITION§SPS§1.0§0.13608030041853572§pdv=0.99&pos=0.99&pov=0.99&dweight=1&m=40&pds=0.99&n=40&
CPU User Processes#DIFFERENCE#CENTOS§SPS§1.0§0.13584447959447962§pdv=0.99&pos=0.99&pov=0.99&dweight=1&m=40&pds=0.99&n=40&
(CPU User Processes#DIFFERENCE#CENTOS)+(CPU Interrupts#DIFFERENCE#CENTOS)#PLAIN#COMPOSITION§SPS§1.0§0.13584447959447962§pdv=0.99&pos=0.99&pov=0.99&dweight=1&m=40&pds=0.99&n=40&
(CPU User Processes#DIFFERENCE#CENTOS)-(CPU Interrupts#DIFFERENCE#CENTOS)#PLAIN#COMPOSITION§SPS§1.0§0.13584447959447962§pdv=0.99&pos=0.99&pov=0.99&dweight=1&m=40&pds=0.99&n=40&
(CPU User Processes#DIFFERENCE#CENTOS)+(CPU Interrupts#DIFFERENCE#CENTOS)#DIFFERENCE#COMPOSITION§SPS§1.0§0.13584447959447962§pdv=0.99&pos=0.99&pov=0.99&dweight=1&m=40&pds=0.99&n=40&
(CPU User Processes#DIFFERENCE#CENTOS)-(CPU Interrupts#DIFFERENCE#CENTOS)#DIFFERENCE#COMPOSITION§SPS§1.0§0.13584447959447962§pdv=0.99&pos=0.99&pov=0.99&dweight=1&m=40&pds=0.99&n=40&
(CurrentThreadCpuTime#PLAIN#JVM)-(FreePhysicalMemorySize#PLAIN#JVM)#PLAIN#COMPOSITION§SPS§1.0§0.1356380782451189§pdv=0.9999&pos=0.9999&pov=0.9999&dweight=1&m=10&pds=0.9999&n=10&
(CPU User Processes#DIFFERENCE#CENTOS)/(CPU Interrupts#DIFFERENCE#CENTOS)#DIFFERENCE#COMPOSITION§SPS§1.0§0.13561309786799983§pdv=0.99&pos=0.99&pov=0.99&dweight=1&m=40&pds=0.99&n=40&
(Active Files#PLAIN#CENTOS)/(Inactive Files#PLAIN#CENTOS)#DIFFERENCE#COMPOSITION§SPS§1.0§0.13342698967698968§pdv=0.9999&pos=0.9999&pov=0.9999&dweight=0&m=20&pds=0.9999&n=20&
(Tcp_TimeWait#PLAIN#UNIX_NETWORK)+(SystemCpuLoad#PLAIN#JVM)#PLAIN#COMPOSITION§SPS§1.0§0.12899754566421234§pdv=0.99&pos=0.99&pov=0.99&dweight=0&m=40&pds=0.99&n=40&
(SystemCpuLoad#PLAIN#JVM)+(ProcessCpuLoad#PLAIN#JVM)#PLAIN#COMPOSITION§SPS§1.0§0.12802752802752798§pdv=0.99&pos=0.99&pov=0.99&dweight=0&m=40&pds=0.99&n=40&
(CurrentThreadUserTime#PLAIN#JVM)/(FreePhysicalMemorySize#PLAIN#JVM)#DIFFERENCE#COMPOSITION§SPS§1.0§0.12738165965159284§pdv=0.9999&pos=0.9999&pov=0.9999&dweight=1&m=10&pds=0.9999&n=10&
(CurrentThreadCpuTime#PLAIN#JVM)+(FreePhysicalMemorySize#PLAIN#JVM)#PLAIN#COMPOSITION§SPS§1.0§0.1267805628675145§pdv=0.9999&pos=0.9999&pov=0.9999&dweight=1&m=10&pds=0.9999&n=10&
(Active Files#PLAIN#CENTOS)+(Inactive Files#PLAIN#CENTOS)#DIFFERENCE#COMPOSITION§SPS§1.0§0.12622356309352464§pdv=0.9999&pos=0.9999&pov=0.9999&dweight=1&m=10&pds=0.9999&n=10&
CurrentThreadCpuTime#DIFFERENCE#JVM§SPS§1.0§0.12467928090432247§pdv=0.9999&pos=0.9999&pov=0.9999&dweight=0&m=10&pds=0.9999&n=10&
LoadedClassCount#PLAIN#JVM§HIST§1.0§0.12215973286229258§interval_width=0.5&
TotalLoadedClassCount#PLAIN#JVM§HIST§1.0§0.12215973286229258§interval_width=0.5&
(LoadedClassCount#PLAIN#JVM)+(TotalLoadedClassCount#PLAIN#JVM)#PLAIN#COMPOSITION§HIST§1.0§0.12215973286229258§interval_width=0.5&
(Tcp_TimeWait#PLAIN#UNIX_NETWORK)-(SystemCpuLoad#PLAIN#JVM)#PLAIN#COMPOSITION§SPS§1.0§0.12152731527731529§pdv=0.99&pos=0.99&pov=0.99&dweight=0&m=20&pds=0.99&n=20&
(CurrentThreadCpuTime#PLAIN#JVM)/(FreePhysicalMemorySize#PLAIN#JVM)#PLAIN#COMPOSITION§SPS§1.0§0.12137490452150719§pdv=0.9999&pos=0.9999&pov=0.9999&dweight=1&m=10&pds=0.9999&n=10&
CurrentThreadCpuTime#PLAIN#JVM§SPS§1.0§0.12081877509717304§pdv=0.9999&pos=0.9999&pov=0.9999&dweight=0&m=10&pds=0.9999&n=10&
SystemCpuLoad#PLAIN#JVM§SPS§1.0§0.1204315972698326§pdv=0.99&pos=0.99&pov=0.99&dweight=0&m=20&pds=0.99&n=20&
Inactive Files#PLAIN#CENTOS§SPS§1.0§0.11812570145903475§pdv=0.9999&pos=0.9999&pov=0.9999&dweight=1&m=20&pds=0.9999&n=20&
Inactive Memory#PLAIN#CENTOS§SPS§1.0§0.11812570145903475§pdv=0.9999&pos=0.9999&pov=0.9999&dweight=1&m=20&pds=0.9999&n=20&
CPU Kernel Processes#DIFFERENCE#CENTOS§SPS§1.0§0.1179438072820426§pdv=0.9999&pos=0.9999&pov=0.9999&dweight=1&m=20&pds=0.9999&n=20&
HeapMemoryUsage.used#PLAIN#JVM§SPS§1.0§0.11790123456790123§pdv=0.999&pos=0.999&pov=0.999&dweight=0&m=40&pds=0.999&n=40&
(HeapMemoryUsage.used#PLAIN#JVM)+(NonHeapMemoryUsage.used#PLAIN#JVM)#PLAIN#COMPOSITION§SPS§1.0§0.11790123456790123§pdv=0.9999&pos=0.9999&pov=0.9999&dweight=0&m=30&pds=0.9999&n=30&
(HeapMemoryUsage.used#PLAIN#JVM)-(NonHeapMemoryUsage.used#PLAIN#JVM)#PLAIN#COMPOSITION§SPS§1.0§0.11728395061728393§pdv=0.9999&pos=0.9999&pov=0.9999&dweight=0&m=20&pds=0.9999&n=20&
(HeapMemoryUsage.used#PLAIN#JVM)/(NonHeapMemoryUsage.used#PLAIN#JVM)#PLAIN#COMPOSITION§SPS§1.0§0.11728395061728393§pdv=0.9999&pos=0.9999&pov=0.9999&dweight=0&m=40&pds=0.9999&n=40&
(Active Files#PLAIN#CENTOS)/(Inactive Files#PLAIN#CENTOS)#PLAIN#COMPOSITION§SPS§1.0§0.1143999518999519§pdv=0.9999&pos=0.9999&pov=0.9999&dweight=0&m=20&pds=0.9999&n=20&
(Active Files#PLAIN#CENTOS)-(Inactive Files#PLAIN#CENTOS)#PLAIN#COMPOSITION§SPS§1.0§0.11315181731848399§pdv=0.9999&pos=0.9999&pov=0.9999&dweight=0&m=10&pds=0.9999&n=10&
(Cached Memory#DIFFERENCE#CENTOS)-(Activated Virtual Pages#DIFFERENCE#CENTOS)#PLAIN#COMPOSITION§SPS§1.0§0.11241210101616395§pdv=0.9999&pos=0.9999&pov=0.9999&dweight=1&m=10&pds=0.9999&n=10&
(Cached Memory#DIFFERENCE#CENTOS)-(Activated Virtual Pages#DIFFERENCE#CENTOS)#DIFFERENCE#COMPOSITION§SPS§1.0§0.11241210101616395§pdv=0.9999&pos=0.9999&pov=0.9999&dweight=1&m=10&pds=0.9999&n=10&
(SystemCpuLoad#PLAIN#JVM)-(ProcessCpuLoad#PLAIN#JVM)#PLAIN#COMPOSITION§SPS§1.0§0.11215594499908228§pdv=0.9999&pos=0.9999&pov=0.9999&dweight=1&m=40&pds=0.9999&n=40&
(CPU Idle Processes#DIFFERENCE#CENTOS)/(SystemCpuLoad#PLAIN#JVM)#DIFFERENCE#COMPOSITION§SPS§1.0§0.11167044543748222§pdv=0.9999&pos=0.9999&pov=0.9999&dweight=0&m=40&pds=0.9999&n=40&
(NonHeapMemoryUsage.used#PLAIN#JVM)-(Minor Page Faults#PLAIN#CENTOS)#PLAIN#COMPOSITION§HIST§1.0§0.11085949017858458§interval_width=1.5&
HeapMemoryUsage.used#DIFFERENCE#JVM§SPS§1.0§0.11035052910052913§pdv=0.9999&pos=0.9999&pov=0.9999&dweight=0&m=10&pds=0.9999&n=10&
(HeapMemoryUsage.used#DIFFERENCE#JVM)+(NonHeapMemoryUsage.used#DIFFERENCE#JVM)#PLAIN#COMPOSITION§SPS§1.0§0.11035052910052913§pdv=0.9999&pos=0.9999&pov=0.9999&dweight=0&m=10&pds=0.9999&n=10&
(HeapMemoryUsage.used#DIFFERENCE#JVM)-(NonHeapMemoryUsage.used#DIFFERENCE#JVM)#PLAIN#COMPOSITION§SPS§1.0§0.11035052910052913§pdv=0.9999&pos=0.9999&pov=0.9999&dweight=0&m=10&pds=0.9999&n=10&
(HeapMemoryUsage.used#DIFFERENCE#JVM)+(NonHeapMemoryUsage.used#DIFFERENCE#JVM)#DIFFERENCE#COMPOSITION§SPS§1.0§0.11035052910052913§pdv=0.9999&pos=0.9999&pov=0.9999&dweight=0&m=10&pds=0.9999&n=10&
(HeapMemoryUsage.used#DIFFERENCE#JVM)-(NonHeapMemoryUsage.used#DIFFERENCE#JVM)#DIFFERENCE#COMPOSITION§SPS§1.0§0.11035052910052913§pdv=0.9999&pos=0.9999&pov=0.9999&dweight=0&m=10&pds=0.9999&n=10&
(HeapMemoryUsage.used#DIFFERENCE#JVM)/(NonHeapMemoryUsage.used#DIFFERENCE#JVM)#DIFFERENCE#COMPOSITION§SPS§1.0§0.11035052910052913§pdv=0.9999&pos=0.9999&pov=0.9999&dweight=0&m=10&pds=0.9999&n=10&
(HeapMemoryUsage.used#PLAIN#JVM)+(NonHeapMemoryUsage.used#PLAIN#JVM)#DIFFERENCE#COMPOSITION§SPS§1.0§0.11035052910052913§pdv=0.9999&pos=0.9999&pov=0.9999&dweight=0&m=10&pds=0.9999&n=10&
(HeapMemoryUsage.used#PLAIN#JVM)-(NonHeapMemoryUsage.used#PLAIN#JVM)#DIFFERENCE#COMPOSITION§SPS§1.0§0.11035052910052913§pdv=0.9999&pos=0.9999&pov=0.9999&dweight=0&m=10&pds=0.9999&n=10&
(HeapMemoryUsage.used#PLAIN#JVM)/(NonHeapMemoryUsage.used#PLAIN#JVM)#DIFFERENCE#COMPOSITION§SPS§1.0§0.11035052910052913§pdv=0.9999&pos=0.9999&pov=0.9999&dweight=0&m=10&pds=0.9999&n=10&
Cached Memory#DIFFERENCE#CENTOS§SPS§1.0§0.10897725186456658§pdv=0.9999&pos=0.9999&pov=0.9999&dweight=1&m=10&pds=0.9999&n=10&
(Cached Memory#DIFFERENCE#CENTOS)/(Activated Virtual Pages#DIFFERENCE#CENTOS)#DIFFERENCE#COMPOSITION§SPS§1.0§0.10879569776144385§pdv=0.9999&pos=0.9999&pov=0.9999&dweight=1&m=10&pds=0.9999&n=10&
(NonHeapMemoryUsage.used#PLAIN#JVM)+(Minor Page Faults#PLAIN#CENTOS)#PLAIN#COMPOSITION§HIST§1.0§0.10800943756276107§interval_width=1.5&
CPU Soft Interrupts#PLAIN#CENTOS§HIST§1.0§0.106643946015706§interval_width=0.5&
CPU Soft Interrupts#DIFFERENCE#CENTOS§HIST§1.0§0.106643946015706§interval_width=0.5&
(Inactive Files#DIFFERENCE#CENTOS)-(Activated Virtual Pages#DIFFERENCE#CENTOS)#PLAIN#COMPOSITION§SPS§1.0§0.1055032194221333§pdv=0.9999&pos=0.9999&pov=0.9999&dweight=1&m=10&pds=0.9999&n=10&
(Inactive Files#DIFFERENCE#CENTOS)-(Activated Virtual Pages#DIFFERENCE#CENTOS)#DIFFERENCE#COMPOSITION§SPS§1.0§0.1055032194221333§pdv=0.9999&pos=0.9999&pov=0.9999&dweight=1&m=10&pds=0.9999&n=10&
CPU I/O Wait Processes#PLAIN#CENTOS§HIST§1.0§0.10400400970063392§interval_width=0.5&
CPU Idle Processes#PLAIN#CENTOS§HIST§1.0§0.10149214645418317§interval_width=0.5&
Active Files#PLAIN#CENTOS§HIST§1.0§0.10149214645418317§interval_width=0.5&
Activated Virtual Pages#PLAIN#CENTOS§HIST§1.0§0.10149214645418317§interval_width=0.5&
CPU Interrupts#PLAIN#CENTOS§HIST§1.0§0.10149214645418317§interval_width=0.5&
CPU Interrupts#DIFFERENCE#CENTOS§HIST§1.0§0.10149214645418317§interval_width=0.5&
PageOut#PLAIN#CENTOS§HIST§1.0§0.10149214645418317§interval_width=0.5&
CPU User Processes#PLAIN#CENTOS§HIST§1.0§0.10149214645418317§interval_width=0.5&
CPU Kernel Processes#PLAIN#CENTOS§HIST§1.0§0.10149214645418317§interval_width=0.5&
Minor Page Faults#PLAIN#CENTOS§HIST§1.0§0.10149214645418317§interval_width=0.5&
Free Virtual Pages#PLAIN#CENTOS§HIST§1.0§0.10149214645418317§interval_width=0.5&
(PageOut#PLAIN#CENTOS)+(Minor Page Faults#PLAIN#CENTOS)#PLAIN#COMPOSITION§HIST§1.0§0.10149214645418317§interval_width=0.5&
(Free Virtual Pages#PLAIN#CENTOS)+(Minor Page Faults#PLAIN#CENTOS)#PLAIN#COMPOSITION§HIST§1.0§0.10149214645418317§interval_width=0.5&
(CPU Idle Processes#PLAIN#CENTOS)+(Minor Page Faults#PLAIN#CENTOS)#PLAIN#COMPOSITION§HIST§1.0§0.10149214645418317§interval_width=0.5&
(Buffers#PLAIN#CENTOS)+(Minor Page Faults#PLAIN#CENTOS)#PLAIN#COMPOSITION§HIST§1.0§0.10149214645418317§interval_width=0.5&
(CPU I/O Wait Processes#PLAIN#CENTOS)+(CPU Idle Processes#PLAIN#CENTOS)#PLAIN#COMPOSITION§HIST§1.0§0.10149214645418317§interval_width=0.5&
(PageIn#PLAIN#CENTOS)+(PageOut#PLAIN#CENTOS)#PLAIN#COMPOSITION§HIST§1.0§0.10149214645418317§interval_width=0.5&
CPU Interrupts#PLAIN#CENTOS§SPS§1.0§0.1011283469616803§pdv=0.9999&pos=0.9999&pov=0.9999&dweight=0&m=30&pds=0.9999&n=30&
(Cached Memory#DIFFERENCE#CENTOS)+(Activated Virtual Pages#DIFFERENCE#CENTOS)#PLAIN#COMPOSITION§SPS§1.0§0.09705051601504691§pdv=0.9999&pos=0.9999&pov=0.9999&dweight=1&m=10&pds=0.9999&n=10&
(Cached Memory#DIFFERENCE#CENTOS)+(Activated Virtual Pages#DIFFERENCE#CENTOS)#DIFFERENCE#COMPOSITION§SPS§1.0§0.09705051601504691§pdv=0.9999&pos=0.9999&pov=0.9999&dweight=1&m=10&pds=0.9999&n=10&
Cached Memory#PLAIN#CENTOS§SPS§1.0§0.09634809634809635§pdv=0.9999&pos=0.9999&pov=0.9999&dweight=1&m=10&pds=0.9999&n=10&
(Active Files#PLAIN#CENTOS)+(Inactive Files#PLAIN#CENTOS)#PLAIN#COMPOSITION§SPS§1.0§0.09604908979908981§pdv=0.9999&pos=0.9999&pov=0.9999&dweight=0&m=10&pds=0.9999&n=10&
(PageOut#PLAIN#CENTOS)+(Minor Page Faults#PLAIN#CENTOS)#PLAIN#COMPOSITION§SPS§1.0§0.09433369252770697§pdv=0.9999&pos=0.9999&pov=0.9999&dweight=1&m=10&pds=0.9999&n=10&
(SystemCpuLoad#PLAIN#JVM)/(ProcessCpuLoad#PLAIN#JVM)#PLAIN#COMPOSITION§SPS§1.0§0.08879593313436934§pdv=0.99&pos=0.99&pov=0.99&dweight=1&m=20&pds=0.99&n=20&
(Inactive Files#DIFFERENCE#CENTOS)+(Activated Virtual Pages#DIFFERENCE#CENTOS)#PLAIN#COMPOSITION§SPS§1.0§0.08866173426971201§pdv=0.9999&pos=0.9999&pov=0.9999&dweight=1&m=10&pds=0.9999&n=10&
(Inactive Files#DIFFERENCE#CENTOS)+(Activated Virtual Pages#DIFFERENCE#CENTOS)#DIFFERENCE#COMPOSITION§SPS§1.0§0.08866173426971201§pdv=0.9999&pos=0.9999&pov=0.9999&dweight=1&m=10&pds=0.9999&n=10&
(SystemCpuLoad#PLAIN#JVM)/(ProcessCpuLoad#PLAIN#JVM)#DIFFERENCE#COMPOSITION§SPS§1.0§0.08853873148827882§pdv=0.99&pos=0.99&pov=0.99&dweight=0&m=20&pds=0.99&n=20&
(SystemCpuLoad#DIFFERENCE#JVM)/(ProcessCpuLoad#DIFFERENCE#JVM)#DIFFERENCE#COMPOSITION§SPS§1.0§0.08853873148827882§pdv=0.99&pos=0.99&pov=0.99&dweight=0&m=20&pds=0.99&n=20&
(CurrentThreadUserTime#PLAIN#JVM)/(FreePhysicalMemorySize#PLAIN#JVM)#PLAIN#COMPOSITION§SPS§1.0§0.08651264237906675§pdv=0.9999&pos=0.9999&pov=0.9999&dweight=1&m=10&pds=0.9999&n=10&
(CurrentThreadCpuTime#PLAIN#JVM)+(FreePhysicalMemorySize#PLAIN#JVM)#DIFFERENCE#COMPOSITION§SPS§1.0§0.08613179189804576§pdv=0.9999&pos=0.9999&pov=0.9999&dweight=1&m=10&pds=0.9999&n=10&
(CurrentThreadCpuTime#PLAIN#JVM)-(FreePhysicalMemorySize#PLAIN#JVM)#DIFFERENCE#COMPOSITION§SPS§1.0§0.08533262045258949§pdv=0.9999&pos=0.9999&pov=0.9999&dweight=1&m=10&pds=0.9999&n=10&
(CPU Idle Processes#PLAIN#CENTOS)/(Minor Page Faults#PLAIN#CENTOS)#DIFFERENCE#COMPOSITION§SPS§1.0§0.08484558542692207§pdv=0.9999&pos=0.9999&pov=0.9999&dweight=1&m=10&pds=0.9999&n=10&
ProcessCpuTime#PLAIN#JVM§SPS§1.0§0.08443421569066564§pdv=0.9999&pos=0.9999&pov=0.9999&dweight=1&m=10&pds=0.9999&n=10&
(ProcessCpuTime#PLAIN#JVM)+(Minor Page Faults#PLAIN#CENTOS)#PLAIN#COMPOSITION§SPS§1.0§0.08443421569066564§pdv=0.9999&pos=0.9999&pov=0.9999&dweight=1&m=10&pds=0.9999&n=10&
(ProcessCpuTime#PLAIN#JVM)-(Minor Page Faults#PLAIN#CENTOS)#PLAIN#COMPOSITION§SPS§1.0§0.08443421569066564§pdv=0.9999&pos=0.9999&pov=0.9999&dweight=1&m=10&pds=0.9999&n=10&
(ProcessCpuTime#PLAIN#JVM)/(Minor Page Faults#PLAIN#CENTOS)#PLAIN#COMPOSITION§SPS§1.0§0.08443421569066564§pdv=0.9999&pos=0.9999&pov=0.9999&dweight=1&m=10&pds=0.9999&n=10&
(PageOut#PLAIN#CENTOS)-(Minor Page Faults#PLAIN#CENTOS)#PLAIN#COMPOSITION§SPS§1.0§0.08158825322138015§pdv=0.9999&pos=0.9999&pov=0.9999&dweight=1&m=10&pds=0.9999&n=10&
(CurrentThreadUserTime#PLAIN#JVM)+(FreePhysicalMemorySize#PLAIN#JVM)#PLAIN#COMPOSITION§SPS§1.0§0.07986180735629414§pdv=0.9999&pos=0.9999&pov=0.9999&dweight=0&m=10&pds=0.9999&n=10&
(CurrentThreadUserTime#PLAIN#JVM)-(FreePhysicalMemorySize#PLAIN#JVM)#PLAIN#COMPOSITION§SPS§1.0§0.07610836119017513§pdv=0.9999&pos=0.9999&pov=0.9999&dweight=0&m=10&pds=0.9999&n=10&
(CPU Kernel Processes#DIFFERENCE#CENTOS)+(Activated Virtual Pages#DIFFERENCE#CENTOS)#PLAIN#COMPOSITION§SPS§1.0§0.07457809147050633§pdv=0.9999&pos=0.9999&pov=0.9999&dweight=1&m=10&pds=0.9999&n=10&
(CPU Kernel Processes#DIFFERENCE#CENTOS)+(Activated Virtual Pages#DIFFERENCE#CENTOS)#DIFFERENCE#COMPOSITION§SPS§1.0§0.07457809147050633§pdv=0.9999&pos=0.9999&pov=0.9999&dweight=1&m=10&pds=0.9999&n=10&
(Active Files#PLAIN#CENTOS)-(Inactive Files#PLAIN#CENTOS)#DIFFERENCE#COMPOSITION§SPS§1.0§0.07441277857944524§pdv=0.9999&pos=0.9999&pov=0.9999&dweight=0&m=30&pds=0.9999&n=30&
CurrentThreadUserTime#PLAIN#JVM§SPS§1.0§0.06495260443583108§pdv=0.9999&pos=0.9999&pov=0.9999&dweight=0&m=10&pds=0.9999&n=10&
CPU Interrupts#DIFFERENCE#CENTOS§SPS§1.0§0.06380551519854852§pdv=0.99&pos=0.99&pov=0.99&dweight=0&m=40&pds=0.99&n=40&
(CPU Kernel Processes#DIFFERENCE#CENTOS)-(Activated Virtual Pages#DIFFERENCE#CENTOS)#PLAIN#COMPOSITION§SPS§1.0§0.0634894028018383§pdv=0.9999&pos=0.9999&pov=0.9999&dweight=1&m=10&pds=0.9999&n=10&
(CPU Kernel Processes#DIFFERENCE#CENTOS)-(Activated Virtual Pages#DIFFERENCE#CENTOS)#DIFFERENCE#COMPOSITION§SPS§1.0§0.0634894028018383§pdv=0.9999&pos=0.9999&pov=0.9999&dweight=1&m=10&pds=0.9999&n=10&
(PageOut#PLAIN#CENTOS)/(Minor Page Faults#PLAIN#CENTOS)#PLAIN#COMPOSITION§SPS§1.0§0.06255372713706048§pdv=0.9999&pos=0.9999&pov=0.9999&dweight=1&m=10&pds=0.9999&n=10&
(CPU Idle Processes#PLAIN#CENTOS)-(Minor Page Faults#PLAIN#CENTOS)#DIFFERENCE#COMPOSITION§SPS§1.0§0.062365688958826195§pdv=0.9999&pos=0.9999&pov=0.9999&dweight=1&m=10&pds=0.9999&n=10&
(CPU Idle Processes#PLAIN#CENTOS)/(Minor Page Faults#PLAIN#CENTOS)#PLAIN#COMPOSITION§SPS§1.0§0.061741547925758464§pdv=0.9999&pos=0.9999&pov=0.9999&dweight=1&m=10&pds=0.9999&n=10&
Tcp_Listen#PLAIN#UNIX_NETWORK§SPS§1.0§0.057703094430783225§pdv=0.9999&pos=0.9999&pov=0.9999&dweight=0&m=10&pds=0.9999&n=10&
(Tcp_Listen#PLAIN#UNIX_NETWORK)+(Major Page Faults#PLAIN#CENTOS)#PLAIN#COMPOSITION§SPS§1.0§0.057703094430783225§pdv=0.9999&pos=0.9999&pov=0.9999&dweight=0&m=10&pds=0.9999&n=10&
(Tcp_Listen#PLAIN#UNIX_NETWORK)-(Major Page Faults#PLAIN#CENTOS)#PLAIN#COMPOSITION§SPS§1.0§0.057703094430783225§pdv=0.9999&pos=0.9999&pov=0.9999&dweight=0&m=10&pds=0.9999&n=10&
(Tcp_Listen#PLAIN#UNIX_NETWORK)/(Major Page Faults#PLAIN#CENTOS)#PLAIN#COMPOSITION§SPS§1.0§0.057703094430783225§pdv=0.9999&pos=0.9999&pov=0.9999&dweight=0&m=10&pds=0.9999&n=10&
Active Files#PLAIN#CENTOS§SPS§1.0§0.05651940651940651§pdv=0.9999&pos=0.9999&pov=0.9999&dweight=1&m=10&pds=0.9999&n=10&
(CommittedVirtualMemorySize#PLAIN#JVM)+(FreePhysicalMemorySize#PLAIN#JVM)#PLAIN#COMPOSITION§SPS§1.0§0.05619930178753708§pdv=0.9999&pos=0.9999&pov=0.9999&dweight=1&m=10&pds=0.9999&n=10&
Tcp_Listen#DIFFERENCE#UNIX_NETWORK§SPS§1.0§0.05216784825480478§pdv=0.9999&pos=0.9999&pov=0.9999&dweight=0&m=10&pds=0.9999&n=10&
(Tcp_Listen#PLAIN#UNIX_NETWORK)+(Major Page Faults#PLAIN#CENTOS)#DIFFERENCE#COMPOSITION§SPS§1.0§0.05216784825480478§pdv=0.9999&pos=0.9999&pov=0.9999&dweight=0&m=10&pds=0.9999&n=10&
(Tcp_Listen#PLAIN#UNIX_NETWORK)-(Major Page Faults#PLAIN#CENTOS)#DIFFERENCE#COMPOSITION§SPS§1.0§0.05216784825480478§pdv=0.9999&pos=0.9999&pov=0.9999&dweight=0&m=10&pds=0.9999&n=10&
(Tcp_Listen#PLAIN#UNIX_NETWORK)/(Major Page Faults#PLAIN#CENTOS)#DIFFERENCE#COMPOSITION§SPS§1.0§0.05216784825480478§pdv=0.9999&pos=0.9999&pov=0.9999&dweight=0&m=10&pds=0.9999&n=10&
(Tcp_Listen#DIFFERENCE#UNIX_NETWORK)+(Major Page Faults#DIFFERENCE#CENTOS)#PLAIN#COMPOSITION§SPS§1.0§0.05216784825480478§pdv=0.9999&pos=0.9999&pov=0.9999&dweight=0&m=10&pds=0.9999&n=10&
(Tcp_Listen#DIFFERENCE#UNIX_NETWORK)-(Major Page Faults#DIFFERENCE#CENTOS)#PLAIN#COMPOSITION§SPS§1.0§0.05216784825480478§pdv=0.9999&pos=0.9999&pov=0.9999&dweight=0&m=10&pds=0.9999&n=10&
(Tcp_Listen#DIFFERENCE#UNIX_NETWORK)+(Major Page Faults#DIFFERENCE#CENTOS)#DIFFERENCE#COMPOSITION§SPS§1.0§0.05216784825480478§pdv=0.9999&pos=0.9999&pov=0.9999&dweight=0&m=10&pds=0.9999&n=10&
(Tcp_Listen#DIFFERENCE#UNIX_NETWORK)-(Major Page Faults#DIFFERENCE#CENTOS)#DIFFERENCE#COMPOSITION§SPS§1.0§0.05216784825480478§pdv=0.9999&pos=0.9999&pov=0.9999&dweight=0&m=10&pds=0.9999&n=10&
(Tcp_Listen#DIFFERENCE#UNIX_NETWORK)/(Major Page Faults#DIFFERENCE#CENTOS)#DIFFERENCE#COMPOSITION§SPS§1.0§0.05216784825480478§pdv=0.9999&pos=0.9999&pov=0.9999&dweight=0&m=10&pds=0.9999&n=10&
(CPU Idle Processes#PLAIN#CENTOS)+(Minor Page Faults#PLAIN#CENTOS)#DIFFERENCE#COMPOSITION§SPS§1.0§0.051033679465052016§pdv=0.9999&pos=0.9999&pov=0.9999&dweight=0&m=10&pds=0.9999&n=10&
(Active Memory#PLAIN#CENTOS)+(Cached Memory#PLAIN#CENTOS)#PLAIN#COMPOSITION§SPS§1.0§0.05017297517297517§pdv=0.9999&pos=0.9999&pov=0.9999&dweight=1&m=10&pds=0.9999&n=10&
Active Memory#PLAIN#CENTOS§SPS§1.0§0.04936267436267436§pdv=0.9999&pos=0.9999&pov=0.9999&dweight=1&m=10&pds=0.9999&n=10&
ProcessCpuTime#DIFFERENCE#JVM§SPS§1.0§0.04251474956454316§pdv=0.9999&pos=0.9999&pov=0.9999&dweight=0&m=10&pds=0.9999&n=10&
(ProcessCpuTime#PLAIN#JVM)+(Minor Page Faults#PLAIN#CENTOS)#DIFFERENCE#COMPOSITION§SPS§1.0§0.04251474956454316§pdv=0.9999&pos=0.9999&pov=0.9999&dweight=0&m=10&pds=0.9999&n=10&
(ProcessCpuTime#PLAIN#JVM)-(Minor Page Faults#PLAIN#CENTOS)#DIFFERENCE#COMPOSITION§SPS§1.0§0.04251474956454316§pdv=0.9999&pos=0.9999&pov=0.9999&dweight=0&m=10&pds=0.9999&n=10&
(ProcessCpuTime#PLAIN#JVM)/(Minor Page Faults#PLAIN#CENTOS)#DIFFERENCE#COMPOSITION§SPS§1.0§0.04251474956454316§pdv=0.9999&pos=0.9999&pov=0.9999&dweight=0&m=10&pds=0.9999&n=10&
(CurrentThreadCpuTime#PLAIN#JVM)/(FreePhysicalMemorySize#PLAIN#JVM)#DIFFERENCE#COMPOSITION§SPS§1.0§0.042221612809848104§pdv=0.9999&pos=0.9999&pov=0.9999&dweight=1&m=10&pds=0.9999&n=10&
FreePhysicalMemorySize#PLAIN#JVM§SPS§1.0§0.041639841639841635§pdv=0.9999&pos=0.9999&pov=0.9999&dweight=1&m=10&pds=0.9999&n=10&
(CPU Kernel Processes#PLAIN#CENTOS)+(FreePhysicalMemorySize#PLAIN#JVM)#PLAIN#COMPOSITION§SPS§1.0§0.041639841639841635§pdv=0.9999&pos=0.9999&pov=0.9999&dweight=1&m=10&pds=0.9999&n=10&
(CPU Kernel Processes#PLAIN#CENTOS)-(FreePhysicalMemorySize#PLAIN#JVM)#PLAIN#COMPOSITION§SPS§1.0§0.041639841639841635§pdv=0.9999&pos=0.9999&pov=0.9999&dweight=1&m=10&pds=0.9999&n=10&
(Free Memory#PLAIN#CENTOS)+(FreePhysicalMemorySize#PLAIN#JVM)#PLAIN#COMPOSITION§SPS§1.0§0.041639841639841635§pdv=0.9999&pos=0.9999&pov=0.9999&dweight=1&m=10&pds=0.9999&n=10&
(Free Memory#PLAIN#CENTOS)-(FreePhysicalMemorySize#PLAIN#JVM)#PLAIN#COMPOSITION§SPS§1.0§0.041639841639841635§pdv=0.9999&pos=0.9999&pov=0.9999&dweight=1&m=10&pds=0.9999&n=10&
(CPU User Processes#PLAIN#CENTOS)+(FreePhysicalMemorySize#PLAIN#JVM)#PLAIN#COMPOSITION§SPS§1.0§0.041639841639841635§pdv=0.9999&pos=0.9999&pov=0.9999&dweight=1&m=10&pds=0.9999&n=10&
(CPU User Processes#PLAIN#CENTOS)-(FreePhysicalMemorySize#PLAIN#JVM)#PLAIN#COMPOSITION§SPS§1.0§0.041639841639841635§pdv=0.9999&pos=0.9999&pov=0.9999&dweight=1&m=10&pds=0.9999&n=10&
(Cached Memory#PLAIN#CENTOS)+(FreePhysicalMemorySize#PLAIN#JVM)#PLAIN#COMPOSITION§SPS§1.0§0.041639841639841635§pdv=0.9999&pos=0.9999&pov=0.9999&dweight=1&m=10&pds=0.9999&n=10&
(Cached Memory#PLAIN#CENTOS)-(FreePhysicalMemorySize#PLAIN#JVM)#PLAIN#COMPOSITION§SPS§1.0§0.041639841639841635§pdv=0.9999&pos=0.9999&pov=0.9999&dweight=1&m=10&pds=0.9999&n=10&
(Activated Virtual Pages#PLAIN#CENTOS)+(FreePhysicalMemorySize#PLAIN#JVM)#PLAIN#COMPOSITION§SPS§1.0§0.041639841639841635§pdv=0.9999&pos=0.9999&pov=0.9999&dweight=1&m=10&pds=0.9999&n=10&
(Activated Virtual Pages#PLAIN#CENTOS)-(FreePhysicalMemorySize#PLAIN#JVM)#PLAIN#COMPOSITION§SPS§1.0§0.041639841639841635§pdv=0.9999&pos=0.9999&pov=0.9999&dweight=1&m=10&pds=0.9999&n=10&
(Minor Page Faults#PLAIN#CENTOS)-(FreePhysicalMemorySize#PLAIN#JVM)#PLAIN#COMPOSITION§SPS§1.0§0.041639841639841635§pdv=0.9999&pos=0.9999&pov=0.9999&dweight=1&m=10&pds=0.9999&n=10&
(CPU Interrupts#PLAIN#CENTOS)+(FreePhysicalMemorySize#PLAIN#JVM)#PLAIN#COMPOSITION§SPS§1.0§0.041639841639841635§pdv=0.9999&pos=0.9999&pov=0.9999&dweight=1&m=10&pds=0.9999&n=10&
(CPU Interrupts#PLAIN#CENTOS)-(FreePhysicalMemorySize#PLAIN#JVM)#PLAIN#COMPOSITION§SPS§1.0§0.041639841639841635§pdv=0.9999&pos=0.9999&pov=0.9999&dweight=1&m=10&pds=0.9999&n=10&
(Inactive Files#PLAIN#CENTOS)+(FreePhysicalMemorySize#PLAIN#JVM)#PLAIN#COMPOSITION§SPS§1.0§0.041639841639841635§pdv=0.9999&pos=0.9999&pov=0.9999&dweight=1&m=10&pds=0.9999&n=10&
(Inactive Files#PLAIN#CENTOS)-(FreePhysicalMemorySize#PLAIN#JVM)#PLAIN#COMPOSITION§SPS§1.0§0.041639841639841635§pdv=0.9999&pos=0.9999&pov=0.9999&dweight=1&m=10&pds=0.9999&n=10&
(Inactive Memory#PLAIN#CENTOS)+(FreePhysicalMemorySize#PLAIN#JVM)#PLAIN#COMPOSITION§SPS§1.0§0.041639841639841635§pdv=0.9999&pos=0.9999&pov=0.9999&dweight=1&m=10&pds=0.9999&n=10&
(Inactive Memory#PLAIN#CENTOS)-(FreePhysicalMemorySize#PLAIN#JVM)#PLAIN#COMPOSITION§SPS§1.0§0.041639841639841635§pdv=0.9999&pos=0.9999&pov=0.9999&dweight=1&m=10&pds=0.9999&n=10&
ProcessCpuLoad#PLAIN#JVM§SPS§1.0§0.041609465048577536§pdv=0.9999&pos=0.9999&pov=0.9999&dweight=0&m=10&pds=0.9999&n=10&
(Minor Page Faults#PLAIN#CENTOS)+(FreePhysicalMemorySize#PLAIN#JVM)#PLAIN#COMPOSITION§SPS§1.0§0.04128371628371628§pdv=0.9999&pos=0.9999&pov=0.9999&dweight=1&m=10&pds=0.9999&n=10&
(CPU Kernel Processes#PLAIN#CENTOS)/(FreePhysicalMemorySize#PLAIN#JVM)#PLAIN#COMPOSITION§SPS§1.0§0.040778665778665776§pdv=0.9999&pos=0.9999&pov=0.9999&dweight=1&m=10&pds=0.9999&n=10&
(CPU User Processes#PLAIN#CENTOS)/(FreePhysicalMemorySize#PLAIN#JVM)#PLAIN#COMPOSITION§SPS§1.0§0.040778665778665776§pdv=0.9999&pos=0.9999&pov=0.9999&dweight=1&m=10&pds=0.9999&n=10&
(Activated Virtual Pages#PLAIN#CENTOS)/(FreePhysicalMemorySize#PLAIN#JVM)#PLAIN#COMPOSITION§SPS§1.0§0.040778665778665776§pdv=0.9999&pos=0.9999&pov=0.9999&dweight=1&m=10&pds=0.9999&n=10&
(Minor Page Faults#PLAIN#CENTOS)/(FreePhysicalMemorySize#PLAIN#JVM)#PLAIN#COMPOSITION§SPS§1.0§0.040778665778665776§pdv=0.9999&pos=0.9999&pov=0.9999&dweight=1&m=10&pds=0.9999&n=10&
(CPU Interrupts#PLAIN#CENTOS)/(FreePhysicalMemorySize#PLAIN#JVM)#PLAIN#COMPOSITION§SPS§1.0§0.040778665778665776§pdv=0.9999&pos=0.9999&pov=0.9999&dweight=1&m=10&pds=0.9999&n=10&
(Inactive Files#PLAIN#CENTOS)/(FreePhysicalMemorySize#PLAIN#JVM)#PLAIN#COMPOSITION§SPS§1.0§0.040778665778665776§pdv=0.9999&pos=0.9999&pov=0.9999&dweight=1&m=10&pds=0.9999&n=10&
(Inactive Memory#PLAIN#CENTOS)/(FreePhysicalMemorySize#PLAIN#JVM)#PLAIN#COMPOSITION§SPS§1.0§0.040778665778665776§pdv=0.9999&pos=0.9999&pov=0.9999&dweight=1&m=10&pds=0.9999&n=10&
(Cached Memory#PLAIN#CENTOS)/(FreePhysicalMemorySize#PLAIN#JVM)#PLAIN#COMPOSITION§SPS§1.0§0.04042254042254042§pdv=0.9999&pos=0.9999&pov=0.9999&dweight=1&m=10&pds=0.9999&n=10&
CPU Soft Interrupts#DIFFERENCE#CENTOS§SPS§1.0§0.03972663139329806§pdv=0.9999&pos=0.9999&pov=0.9999&dweight=0&m=10&pds=0.9999&n=10&
(Free Memory#PLAIN#CENTOS)/(FreePhysicalMemorySize#PLAIN#JVM)#PLAIN#COMPOSITION§SPS§1.0§0.03950667988419817§pdv=0.9999&pos=0.9999&pov=0.9999&dweight=1&m=10&pds=0.9999&n=10&
(CPU Idle Processes#DIFFERENCE#CENTOS)/(SystemCpuLoad#PLAIN#JVM)#PLAIN#COMPOSITION§SPS§1.0§0.037878088400534214§pdv=0.999&pos=0.999&pov=0.999&dweight=0&m=40&pds=0.999&n=40&
(CommittedVirtualMemorySize#PLAIN#JVM)/(FreePhysicalMemorySize#PLAIN#JVM)#PLAIN#COMPOSITION§SPS§1.0§0.03608428608428608§pdv=0.9999&pos=0.9999&pov=0.9999&dweight=1&m=10&pds=0.9999&n=10&
(Free Virtual Pages#PLAIN#CENTOS)-(Minor Page Faults#PLAIN#CENTOS)#DIFFERENCE#COMPOSITION§SPS§1.0§0.0358666738891197§pdv=0.9999&pos=0.9999&pov=0.9999&dweight=1&m=10&pds=0.9999&n=10&
(Buffers#PLAIN#CENTOS)/(Minor Page Faults#PLAIN#CENTOS)#DIFFERENCE#COMPOSITION§SPS§1.0§0.035817731651064985§pdv=0.9999&pos=0.9999&pov=0.9999&dweight=1&m=10&pds=0.9999&n=10&
(Free Virtual Pages#PLAIN#CENTOS)/(Minor Page Faults#PLAIN#CENTOS)#DIFFERENCE#COMPOSITION§SPS§1.0§0.035808624353515985§pdv=0.9999&pos=0.9999&pov=0.9999&dweight=1&m=10&pds=0.9999&n=10&
Minor Page Faults#DIFFERENCE#CENTOS§SPS§1.0§0.03550908967575635§pdv=0.9999&pos=0.9999&pov=0.9999&dweight=1&m=10&pds=0.9999&n=10&
(Buffers#PLAIN#CENTOS)+(Minor Page Faults#PLAIN#CENTOS)#DIFFERENCE#COMPOSITION§SPS§1.0§0.03550908967575635§pdv=0.9999&pos=0.9999&pov=0.9999&dweight=1&m=10&pds=0.9999&n=10&
(Buffers#PLAIN#CENTOS)-(Minor Page Faults#PLAIN#CENTOS)#DIFFERENCE#COMPOSITION§SPS§1.0§0.03550908967575635§pdv=0.9999&pos=0.9999&pov=0.9999&dweight=1&m=10&pds=0.9999&n=10&
Free Virtual Pages#DIFFERENCE#CENTOS§SPS§1.0§0.03514468465448858§pdv=0.9999&pos=0.9999&pov=0.9999&dweight=0&m=10&pds=0.9999&n=10&
(Active Memory#PLAIN#CENTOS)/(Cached Memory#PLAIN#CENTOS)#PLAIN#COMPOSITION§SPS§1.0§0.03466371591371591§pdv=0.9999&pos=0.9999&pov=0.9999&dweight=1&m=10&pds=0.9999&n=10&
(Active Memory#PLAIN#CENTOS)/(Cached Memory#PLAIN#CENTOS)#DIFFERENCE#COMPOSITION§SPS§1.0§0.034575955138390645§pdv=0.9999&pos=0.9999&pov=0.9999&dweight=1&m=10&pds=0.9999&n=10&
(Active Memory#DIFFERENCE#CENTOS)/(Cached Memory#DIFFERENCE#CENTOS)#DIFFERENCE#COMPOSITION§SPS§1.0§0.034575955138390645§pdv=0.9999&pos=0.9999&pov=0.9999&dweight=1&m=10&pds=0.9999&n=10&
(Active Memory#PLAIN#CENTOS)-(Cached Memory#PLAIN#CENTOS)#PLAIN#COMPOSITION§SPS§1.0§0.03353937728937729§pdv=0.9999&pos=0.9999&pov=0.9999&dweight=1&m=10&pds=0.9999&n=10&
Free Memory#PLAIN#CENTOS§SPS§1.0§0.03209175084175084§pdv=0.9999&pos=0.9999&pov=0.9999&dweight=1&m=10&pds=0.9999&n=10&
(CommittedVirtualMemorySize#PLAIN#JVM)+(FreePhysicalMemorySize#PLAIN#JVM)#DIFFERENCE#COMPOSITION§SPS§1.0§0.03162868239622626§pdv=0.9999&pos=0.9999&pov=0.9999&dweight=1&m=10&pds=0.9999&n=10&
(CommittedVirtualMemorySize#DIFFERENCE#JVM)+(FreePhysicalMemorySize#DIFFERENCE#JVM)#PLAIN#COMPOSITION§SPS§1.0§0.03162868239622626§pdv=0.9999&pos=0.9999&pov=0.9999&dweight=1&m=10&pds=0.9999&n=10&
(CommittedVirtualMemorySize#DIFFERENCE#JVM)+(FreePhysicalMemorySize#DIFFERENCE#JVM)#DIFFERENCE#COMPOSITION§SPS§1.0§0.03162868239622626§pdv=0.9999&pos=0.9999&pov=0.9999&dweight=1&m=10&pds=0.9999&n=10&
(PageOut#PLAIN#CENTOS)/(Minor Page Faults#PLAIN#CENTOS)#DIFFERENCE#COMPOSITION§SPS§1.0§0.031529581529581525§pdv=0.9999&pos=0.9999&pov=0.9999&dweight=0&m=10&pds=0.9999&n=10&
(CommittedVirtualMemorySize#PLAIN#JVM)-(FreePhysicalMemorySize#PLAIN#JVM)#PLAIN#COMPOSITION§SPS§1.0§0.03145465645465645§pdv=0.9999&pos=0.9999&pov=0.9999&dweight=1&m=10&pds=0.9999&n=10&
PageOut#DIFFERENCE#CENTOS§SPS§1.0§0.030710284631853258§pdv=0.9999&pos=0.9999&pov=0.9999&dweight=0&m=10&pds=0.9999&n=10&
(PageIn#DIFFERENCE#CENTOS)+(PageOut#DIFFERENCE#CENTOS)#PLAIN#COMPOSITION§SPS§1.0§0.030710284631853258§pdv=0.9999&pos=0.9999&pov=0.9999&dweight=0&m=10&pds=0.9999&n=10&
(PageIn#DIFFERENCE#CENTOS)-(PageOut#DIFFERENCE#CENTOS)#PLAIN#COMPOSITION§SPS§1.0§0.030710284631853258§pdv=0.9999&pos=0.9999&pov=0.9999&dweight=0&m=10&pds=0.9999&n=10&
(PageIn#DIFFERENCE#CENTOS)+(PageOut#DIFFERENCE#CENTOS)#DIFFERENCE#COMPOSITION§SPS§1.0§0.030710284631853258§pdv=0.9999&pos=0.9999&pov=0.9999&dweight=0&m=10&pds=0.9999&n=10&
(PageIn#DIFFERENCE#CENTOS)-(PageOut#DIFFERENCE#CENTOS)#DIFFERENCE#COMPOSITION§SPS§1.0§0.030710284631853258§pdv=0.9999&pos=0.9999&pov=0.9999&dweight=0&m=10&pds=0.9999&n=10&
(PageIn#DIFFERENCE#CENTOS)/(PageOut#DIFFERENCE#CENTOS)#DIFFERENCE#COMPOSITION§SPS§1.0§0.030710284631853258§pdv=0.9999&pos=0.9999&pov=0.9999&dweight=0&m=10&pds=0.9999&n=10&
(PageIn#PLAIN#CENTOS)+(PageOut#PLAIN#CENTOS)#DIFFERENCE#COMPOSITION§SPS§1.0§0.030710284631853258§pdv=0.9999&pos=0.9999&pov=0.9999&dweight=0&m=10&pds=0.9999&n=10&
(PageIn#PLAIN#CENTOS)-(PageOut#PLAIN#CENTOS)#DIFFERENCE#COMPOSITION§SPS§1.0§0.030710284631853258§pdv=0.9999&pos=0.9999&pov=0.9999&dweight=0&m=10&pds=0.9999&n=10&
(PageIn#PLAIN#CENTOS)/(PageOut#PLAIN#CENTOS)#DIFFERENCE#COMPOSITION§SPS§1.0§0.030710284631853258§pdv=0.9999&pos=0.9999&pov=0.9999&dweight=0&m=10&pds=0.9999&n=10&
PageOut#PLAIN#CENTOS§SPS§1.0§0.030071163404496743§pdv=0.9999&pos=0.9999&pov=0.9999&dweight=0&m=10&pds=0.9999&n=10&
(PageIn#PLAIN#CENTOS)+(PageOut#PLAIN#CENTOS)#PLAIN#COMPOSITION§SPS§1.0§0.030071163404496743§pdv=0.9999&pos=0.9999&pov=0.9999&dweight=0&m=10&pds=0.9999&n=10&
(PageIn#PLAIN#CENTOS)-(PageOut#PLAIN#CENTOS)#PLAIN#COMPOSITION§SPS§1.0§0.030071163404496743§pdv=0.9999&pos=0.9999&pov=0.9999&dweight=0&m=10&pds=0.9999&n=10&
(PageIn#PLAIN#CENTOS)/(PageOut#PLAIN#CENTOS)#PLAIN#COMPOSITION§SPS§1.0§0.030071163404496743§pdv=0.9999&pos=0.9999&pov=0.9999&dweight=0&m=10&pds=0.9999&n=10&
(Active Memory#PLAIN#CENTOS)-(Cached Memory#PLAIN#CENTOS)#DIFFERENCE#COMPOSITION§SPS§1.0§0.0294642515875746§pdv=0.9999&pos=0.9999&pov=0.9999&dweight=1&m=10&pds=0.9999&n=10&
(Active Memory#DIFFERENCE#CENTOS)-(Cached Memory#DIFFERENCE#CENTOS)#PLAIN#COMPOSITION§SPS§1.0§0.0294642515875746§pdv=0.9999&pos=0.9999&pov=0.9999&dweight=1&m=10&pds=0.9999&n=10&
(Active Memory#DIFFERENCE#CENTOS)-(Cached Memory#DIFFERENCE#CENTOS)#DIFFERENCE#COMPOSITION§SPS§1.0§0.0294642515875746§pdv=0.9999&pos=0.9999&pov=0.9999&dweight=1&m=10&pds=0.9999&n=10&
(Active Memory#PLAIN#CENTOS)+(Cached Memory#PLAIN#CENTOS)#DIFFERENCE#COMPOSITION§SPS§1.0§0.02939002599090318§pdv=0.9999&pos=0.9999&pov=0.9999&dweight=1&m=10&pds=0.9999&n=10&
(Active Memory#DIFFERENCE#CENTOS)+(Cached Memory#DIFFERENCE#CENTOS)#PLAIN#COMPOSITION§SPS§1.0§0.02939002599090318§pdv=0.9999&pos=0.9999&pov=0.9999&dweight=1&m=10&pds=0.9999&n=10&
(Active Memory#DIFFERENCE#CENTOS)+(Cached Memory#DIFFERENCE#CENTOS)#DIFFERENCE#COMPOSITION§SPS§1.0§0.02939002599090318§pdv=0.9999&pos=0.9999&pov=0.9999&dweight=1&m=10&pds=0.9999&n=10&
Active Memory#DIFFERENCE#CENTOS§SPS§1.0§0.029340098612544434§pdv=0.9999&pos=0.9999&pov=0.9999&dweight=1&m=10&pds=0.9999&n=10&
(Inactive Memory#PLAIN#CENTOS)/(FreePhysicalMemorySize#PLAIN#JVM)#DIFFERENCE#COMPOSITION§SPS§1.0§0.02881034967593275§pdv=0.9999&pos=0.9999&pov=0.9999&dweight=1&m=10&pds=0.9999&n=10&
(Cached Memory#PLAIN#CENTOS)/(FreePhysicalMemorySize#PLAIN#JVM)#DIFFERENCE#COMPOSITION§SPS§1.0§0.02841162559299814§pdv=0.9999&pos=0.9999&pov=0.9999&dweight=1&m=10&pds=0.9999&n=10&
CPU Soft Interrupts#PLAIN#CENTOS§SPS§1.0§0.027777777777777776§pdv=0.9999&pos=0.9999&pov=0.9999&dweight=1&m=40&pds=0.9999&n=40&
(PageOut#PLAIN#CENTOS)-(Minor Page Faults#PLAIN#CENTOS)#DIFFERENCE#COMPOSITION§SPS§1.0§0.02731681898348565§pdv=0.9999&pos=0.9999&pov=0.9999&dweight=0&m=10&pds=0.9999&n=10&
Usage.used#DIFFERENCE#JVM§SPS§1.0§0.026455026455026454§pdv=0.9999&pos=0.9999&pov=0.9999&dweight=0&m=20&pds=0.9999&n=20&
PeakUsage.used#DIFFERENCE#JVM§SPS§1.0§0.026455026455026454§pdv=0.9999&pos=0.9999&pov=0.9999&dweight=0&m=20&pds=0.9999&n=20&
(Usage.used#DIFFERENCE#JVM)+(PeakUsage.used#DIFFERENCE#JVM)#PLAIN#COMPOSITION§SPS§1.0§0.026455026455026454§pdv=0.9999&pos=0.9999&pov=0.9999&dweight=0&m=20&pds=0.9999&n=20&
(Usage.used#DIFFERENCE#JVM)+(PeakUsage.used#DIFFERENCE#JVM)#DIFFERENCE#COMPOSITION§SPS§1.0§0.026455026455026454§pdv=0.9999&pos=0.9999&pov=0.9999&dweight=0&m=20&pds=0.9999&n=20&
(PeakUsage.used#PLAIN#JVM)+(Usage.used#PLAIN#JVM)#DIFFERENCE#COMPOSITION§SPS§1.0§0.026455026455026454§pdv=0.9999&pos=0.9999&pov=0.9999&dweight=0&m=20&pds=0.9999&n=20&
(Usage.used#PLAIN#JVM)+(PeakUsage.used#PLAIN#JVM)#DIFFERENCE#COMPOSITION§SPS§1.0§0.026455026455026454§pdv=0.9999&pos=0.9999&pov=0.9999&dweight=0&m=20&pds=0.9999&n=20&
(CommittedVirtualMemorySize#PLAIN#JVM)/(FreePhysicalMemorySize#PLAIN#JVM)#DIFFERENCE#COMPOSITION§SPS§1.0§0.026104545131892913§pdv=0.9999&pos=0.9999&pov=0.9999&dweight=1&m=10&pds=0.9999&n=10&
(CommittedVirtualMemorySize#DIFFERENCE#JVM)/(FreePhysicalMemorySize#DIFFERENCE#JVM)#DIFFERENCE#COMPOSITION§SPS§1.0§0.026104545131892913§pdv=0.9999&pos=0.9999&pov=0.9999&dweight=1&m=10&pds=0.9999&n=10&
(Inactive Files#PLAIN#CENTOS)/(FreePhysicalMemorySize#PLAIN#JVM)#DIFFERENCE#COMPOSITION§SPS§1.0§0.026006989274533134§pdv=0.9999&pos=0.9999&pov=0.9999&dweight=1&m=10&pds=0.9999&n=10&
(CPU Kernel Processes#PLAIN#CENTOS)/(FreePhysicalMemorySize#PLAIN#JVM)#DIFFERENCE#COMPOSITION§SPS§1.0§0.025754097935470486§pdv=0.9999&pos=0.9999&pov=0.9999&dweight=1&m=10&pds=0.9999&n=10&
(CPU User Processes#PLAIN#CENTOS)/(FreePhysicalMemorySize#PLAIN#JVM)#DIFFERENCE#COMPOSITION§SPS§1.0§0.025754097935470486§pdv=0.9999&pos=0.9999&pov=0.9999&dweight=1&m=10&pds=0.9999&n=10&
(Activated Virtual Pages#PLAIN#CENTOS)/(FreePhysicalMemorySize#PLAIN#JVM)#DIFFERENCE#COMPOSITION§SPS§1.0§0.025754097935470486§pdv=0.9999&pos=0.9999&pov=0.9999&dweight=1&m=10&pds=0.9999&n=10&
(Minor Page Faults#PLAIN#CENTOS)/(FreePhysicalMemorySize#PLAIN#JVM)#DIFFERENCE#COMPOSITION§SPS§1.0§0.025754097935470486§pdv=0.9999&pos=0.9999&pov=0.9999&dweight=1&m=10&pds=0.9999&n=10&
(CPU Interrupts#PLAIN#CENTOS)/(FreePhysicalMemorySize#PLAIN#JVM)#DIFFERENCE#COMPOSITION§SPS§1.0§0.025754097935470486§pdv=0.9999&pos=0.9999&pov=0.9999&dweight=1&m=10&pds=0.9999&n=10&
(Free Virtual Pages#DIFFERENCE#CENTOS)/(FreePhysicalMemorySize#DIFFERENCE#JVM)#DIFFERENCE#COMPOSITION§SPS§1.0§0.025754097935470486§pdv=0.9999&pos=0.9999&pov=0.9999&dweight=1&m=10&pds=0.9999&n=10&
ProcessCpuLoad#DIFFERENCE#JVM§SPS§1.0§0.025482073921186413§pdv=0.9999&pos=0.9999&pov=0.9999&dweight=1&m=10&pds=0.9999&n=10&
(Free Virtual Pages#PLAIN#CENTOS)+(Minor Page Faults#PLAIN#CENTOS)#DIFFERENCE#COMPOSITION§SPS§1.0§0.024227251614573817§pdv=0.9999&pos=0.9999&pov=0.9999&dweight=1&m=10&pds=0.9999&n=10&
(Active Files#DIFFERENCE#CENTOS)/(Activated Virtual Pages#DIFFERENCE#CENTOS)#DIFFERENCE#COMPOSITION§SPS§1.0§0.022566105873639414§pdv=0.9999&pos=0.9999&pov=0.9999&dweight=1&m=10&pds=0.9999&n=10&
(PageOut#PLAIN#CENTOS)+(Minor Page Faults#PLAIN#CENTOS)#DIFFERENCE#COMPOSITION§SPS§1.0§0.02244129327462661§pdv=0.9999&pos=0.9999&pov=0.9999&dweight=1&m=30&pds=0.9999&n=30&
FreePhysicalMemorySize#DIFFERENCE#JVM§SPS§1.0§0.0212213540386915§pdv=0.9999&pos=0.9999&pov=0.9999&dweight=1&m=10&pds=0.9999&n=10&
(CPU Kernel Processes#PLAIN#CENTOS)+(FreePhysicalMemorySize#PLAIN#JVM)#DIFFERENCE#COMPOSITION§SPS§1.0§0.0212213540386915§pdv=0.9999&pos=0.9999&pov=0.9999&dweight=1&m=10&pds=0.9999&n=10&
(CPU Kernel Processes#PLAIN#CENTOS)-(FreePhysicalMemorySize#PLAIN#JVM)#DIFFERENCE#COMPOSITION§SPS§1.0§0.0212213540386915§pdv=0.9999&pos=0.9999&pov=0.9999&dweight=1&m=10&pds=0.9999&n=10&
(Free Memory#PLAIN#CENTOS)+(FreePhysicalMemorySize#PLAIN#JVM)#DIFFERENCE#COMPOSITION§SPS§1.0§0.0212213540386915§pdv=0.9999&pos=0.9999&pov=0.9999&dweight=1&m=10&pds=0.9999&n=10&
(Free Memory#PLAIN#CENTOS)-(FreePhysicalMemorySize#PLAIN#JVM)#DIFFERENCE#COMPOSITION§SPS§1.0§0.0212213540386915§pdv=0.9999&pos=0.9999&pov=0.9999&dweight=1&m=10&pds=0.9999&n=10&
(CPU User Processes#PLAIN#CENTOS)+(FreePhysicalMemorySize#PLAIN#JVM)#DIFFERENCE#COMPOSITION§SPS§1.0§0.0212213540386915§pdv=0.9999&pos=0.9999&pov=0.9999&dweight=1&m=10&pds=0.9999&n=10&
(CPU User Processes#PLAIN#CENTOS)-(FreePhysicalMemorySize#PLAIN#JVM)#DIFFERENCE#COMPOSITION§SPS§1.0§0.0212213540386915§pdv=0.9999&pos=0.9999&pov=0.9999&dweight=1&m=10&pds=0.9999&n=10&
(Cached Memory#PLAIN#CENTOS)+(FreePhysicalMemorySize#PLAIN#JVM)#DIFFERENCE#COMPOSITION§SPS§1.0§0.0212213540386915§pdv=0.9999&pos=0.9999&pov=0.9999&dweight=1&m=10&pds=0.9999&n=10&
(Cached Memory#PLAIN#CENTOS)-(FreePhysicalMemorySize#PLAIN#JVM)#DIFFERENCE#COMPOSITION§SPS§1.0§0.0212213540386915§pdv=0.9999&pos=0.9999&pov=0.9999&dweight=1&m=10&pds=0.9999&n=10&
(Activated Virtual Pages#PLAIN#CENTOS)+(FreePhysicalMemorySize#PLAIN#JVM)#DIFFERENCE#COMPOSITION§SPS§1.0§0.0212213540386915§pdv=0.9999&pos=0.9999&pov=0.9999&dweight=1&m=10&pds=0.9999&n=10&
(Activated Virtual Pages#PLAIN#CENTOS)-(FreePhysicalMemorySize#PLAIN#JVM)#DIFFERENCE#COMPOSITION§SPS§1.0§0.0212213540386915§pdv=0.9999&pos=0.9999&pov=0.9999&dweight=1&m=10&pds=0.9999&n=10&
(Minor Page Faults#PLAIN#CENTOS)+(FreePhysicalMemorySize#PLAIN#JVM)#DIFFERENCE#COMPOSITION§SPS§1.0§0.0212213540386915§pdv=0.9999&pos=0.9999&pov=0.9999&dweight=1&m=10&pds=0.9999&n=10&
(CPU Interrupts#PLAIN#CENTOS)+(FreePhysicalMemorySize#PLAIN#JVM)#DIFFERENCE#COMPOSITION§SPS§1.0§0.0212213540386915§pdv=0.9999&pos=0.9999&pov=0.9999&dweight=1&m=10&pds=0.9999&n=10&
(CPU Interrupts#PLAIN#CENTOS)-(FreePhysicalMemorySize#PLAIN#JVM)#DIFFERENCE#COMPOSITION§SPS§1.0§0.0212213540386915§pdv=0.9999&pos=0.9999&pov=0.9999&dweight=1&m=10&pds=0.9999&n=10&
(Inactive Files#PLAIN#CENTOS)+(FreePhysicalMemorySize#PLAIN#JVM)#DIFFERENCE#COMPOSITION§SPS§1.0§0.0212213540386915§pdv=0.9999&pos=0.9999&pov=0.9999&dweight=1&m=10&pds=0.9999&n=10&
(Inactive Files#PLAIN#CENTOS)-(FreePhysicalMemorySize#PLAIN#JVM)#DIFFERENCE#COMPOSITION§SPS§1.0§0.0212213540386915§pdv=0.9999&pos=0.9999&pov=0.9999&dweight=1&m=10&pds=0.9999&n=10&
(Free Virtual Pages#DIFFERENCE#CENTOS)+(FreePhysicalMemorySize#DIFFERENCE#JVM)#PLAIN#COMPOSITION§SPS§1.0§0.0212213540386915§pdv=0.9999&pos=0.9999&pov=0.9999&dweight=1&m=10&pds=0.9999&n=10&
(Free Virtual Pages#DIFFERENCE#CENTOS)-(FreePhysicalMemorySize#DIFFERENCE#JVM)#PLAIN#COMPOSITION§SPS§1.0§0.0212213540386915§pdv=0.9999&pos=0.9999&pov=0.9999&dweight=1&m=10&pds=0.9999&n=10&
(Free Virtual Pages#DIFFERENCE#CENTOS)+(FreePhysicalMemorySize#DIFFERENCE#JVM)#DIFFERENCE#COMPOSITION§SPS§1.0§0.0212213540386915§pdv=0.9999&pos=0.9999&pov=0.9999&dweight=1&m=10&pds=0.9999&n=10&
(Free Virtual Pages#DIFFERENCE#CENTOS)-(FreePhysicalMemorySize#DIFFERENCE#JVM)#DIFFERENCE#COMPOSITION§SPS§1.0§0.0212213540386915§pdv=0.9999&pos=0.9999&pov=0.9999&dweight=1&m=10&pds=0.9999&n=10&
(Inactive Memory#PLAIN#CENTOS)+(FreePhysicalMemorySize#PLAIN#JVM)#DIFFERENCE#COMPOSITION§SPS§1.0§0.0212213540386915§pdv=0.9999&pos=0.9999&pov=0.9999&dweight=1&m=10&pds=0.9999&n=10&
(Inactive Memory#PLAIN#CENTOS)-(FreePhysicalMemorySize#PLAIN#JVM)#DIFFERENCE#COMPOSITION§SPS§1.0§0.0212213540386915§pdv=0.9999&pos=0.9999&pov=0.9999&dweight=1&m=10&pds=0.9999&n=10&
Free Memory#DIFFERENCE#CENTOS§SPS§1.0§0.02114004249582165§pdv=0.9999&pos=0.9999&pov=0.9999&dweight=1&m=10&pds=0.9999&n=10&
(Minor Page Faults#PLAIN#CENTOS)-(FreePhysicalMemorySize#PLAIN#JVM)#DIFFERENCE#COMPOSITION§SPS§1.0§0.021075155208282143§pdv=0.9999&pos=0.9999&pov=0.9999&dweight=1&m=10&pds=0.9999&n=10&
(Free Memory#PLAIN#CENTOS)/(FreePhysicalMemorySize#PLAIN#JVM)#DIFFERENCE#COMPOSITION§SPS§1.0§0.02079876742628571§pdv=0.9999&pos=0.9999&pov=0.9999&dweight=1&m=10&pds=0.9999&n=10&
Active Files#DIFFERENCE#CENTOS§SPS§1.0§0.01995077124076092§pdv=0.9999&pos=0.9999&pov=0.9999&dweight=1&m=10&pds=0.9999&n=10&
Tcp_TimeWait#DIFFERENCE#UNIX_NETWORK§SPS§1.0§0.01904761904761905§pdv=0.9999&pos=0.9999&pov=0.9999&dweight=0&m=10&pds=0.9999&n=10&
(NonHeapMemoryUsage.used#PLAIN#JVM)-(Minor Page Faults#PLAIN#CENTOS)#PLAIN#COMPOSITION§SPS§1.0§0.017806267806267807§pdv=0.9999&pos=0.9999&pov=0.9999&dweight=0&m=10&pds=0.9999&n=10&
(NonHeapMemoryUsage.used#PLAIN#JVM)-(Minor Page Faults#PLAIN#CENTOS)#DIFFERENCE#COMPOSITION§SPS§1.0§0.017669753086419753§pdv=0.9999&pos=0.9999&pov=0.9999&dweight=1&m=10&pds=0.9999&n=10&
Tcp_TimeWait#PLAIN#UNIX_NETWORK§SPS§1.0§0.017195767195767195§pdv=0.9999&pos=0.9999&pov=0.9999&dweight=0&m=10&pds=0.9999&n=10&
Usage.used#PLAIN#JVM§SPS§1.0§0.017195767195767195§pdv=0.9999&pos=0.9999&pov=0.9999&dweight=0&m=20&pds=0.9999&n=20&
PeakUsage.used#PLAIN#JVM§SPS§1.0§0.017195767195767195§pdv=0.9999&pos=0.9999&pov=0.9999&dweight=0&m=20&pds=0.9999&n=20&
(PeakUsage.used#PLAIN#JVM)+(Usage.used#PLAIN#JVM)#PLAIN#COMPOSITION§SPS§1.0§0.017195767195767195§pdv=0.9999&pos=0.9999&pov=0.9999&dweight=0&m=20&pds=0.9999&n=20&
(Usage.used#PLAIN#JVM)+(PeakUsage.used#PLAIN#JVM)#PLAIN#COMPOSITION§SPS§1.0§0.017195767195767195§pdv=0.9999&pos=0.9999&pov=0.9999&dweight=0&m=20&pds=0.9999&n=20&
(Active Files#DIFFERENCE#CENTOS)-(Activated Virtual Pages#DIFFERENCE#CENTOS)#PLAIN#COMPOSITION§SPS§1.0§0.01665016429032447§pdv=0.9999&pos=0.9999&pov=0.9999&dweight=1&m=10&pds=0.9999&n=10&
(Active Files#DIFFERENCE#CENTOS)-(Activated Virtual Pages#DIFFERENCE#CENTOS)#DIFFERENCE#COMPOSITION§SPS§1.0§0.01665016429032447§pdv=0.9999&pos=0.9999&pov=0.9999&dweight=1&m=10&pds=0.9999&n=10&
NonHeapMemoryUsage.used#DIFFERENCE#JVM§SPS§1.0§0.015682234432234432§pdv=0.9999&pos=0.9999&pov=0.9999&dweight=0&m=10&pds=0.9999&n=10&
(NonHeapMemoryUsage.used#PLAIN#JVM)+(Minor Page Faults#PLAIN#CENTOS)#DIFFERENCE#COMPOSITION§SPS§1.0§0.015682234432234432§pdv=0.9999&pos=0.9999&pov=0.9999&dweight=0&m=10&pds=0.9999&n=10&
(NonHeapMemoryUsage.used#PLAIN#JVM)/(Minor Page Faults#PLAIN#CENTOS)#DIFFERENCE#COMPOSITION§SPS§1.0§0.015682234432234432§pdv=0.9999&pos=0.9999&pov=0.9999&dweight=0&m=10&pds=0.9999&n=10&
(Buffers#DIFFERENCE#CENTOS)+(NonHeapMemoryUsage.used#DIFFERENCE#JVM)#PLAIN#COMPOSITION§SPS§1.0§0.015682234432234432§pdv=0.9999&pos=0.9999&pov=0.9999&dweight=0&m=10&pds=0.9999&n=10&
(Buffers#DIFFERENCE#CENTOS)-(NonHeapMemoryUsage.used#DIFFERENCE#JVM)#PLAIN#COMPOSITION§SPS§1.0§0.015682234432234432§pdv=0.9999&pos=0.9999&pov=0.9999&dweight=0&m=10&pds=0.9999&n=10&
(Buffers#DIFFERENCE#CENTOS)+(NonHeapMemoryUsage.used#DIFFERENCE#JVM)#DIFFERENCE#COMPOSITION§SPS§1.0§0.015682234432234432§pdv=0.9999&pos=0.9999&pov=0.9999&dweight=0&m=10&pds=0.9999&n=10&
(Buffers#DIFFERENCE#CENTOS)-(NonHeapMemoryUsage.used#DIFFERENCE#JVM)#DIFFERENCE#COMPOSITION§SPS§1.0§0.015682234432234432§pdv=0.9999&pos=0.9999&pov=0.9999&dweight=0&m=10&pds=0.9999&n=10&
(Buffers#DIFFERENCE#CENTOS)/(NonHeapMemoryUsage.used#DIFFERENCE#JVM)#DIFFERENCE#COMPOSITION§SPS§1.0§0.015682234432234432§pdv=0.9999&pos=0.9999&pov=0.9999&dweight=0&m=10&pds=0.9999&n=10&
(Activated Virtual Pages#DIFFERENCE#CENTOS)+(NonHeapMemoryUsage.used#DIFFERENCE#JVM)#PLAIN#COMPOSITION§SPS§1.0§0.015682234432234432§pdv=0.9999&pos=0.9999&pov=0.9999&dweight=0&m=10&pds=0.9999&n=10&
(Activated Virtual Pages#DIFFERENCE#CENTOS)-(NonHeapMemoryUsage.used#DIFFERENCE#JVM)#PLAIN#COMPOSITION§SPS§1.0§0.015682234432234432§pdv=0.9999&pos=0.9999&pov=0.9999&dweight=0&m=10&pds=0.9999&n=10&
(Activated Virtual Pages#DIFFERENCE#CENTOS)+(NonHeapMemoryUsage.used#DIFFERENCE#JVM)#DIFFERENCE#COMPOSITION§SPS§1.0§0.015682234432234432§pdv=0.9999&pos=0.9999&pov=0.9999&dweight=0&m=10&pds=0.9999&n=10&
(Activated Virtual Pages#DIFFERENCE#CENTOS)-(NonHeapMemoryUsage.used#DIFFERENCE#JVM)#DIFFERENCE#COMPOSITION§SPS§1.0§0.015682234432234432§pdv=0.9999&pos=0.9999&pov=0.9999&dweight=0&m=10&pds=0.9999&n=10&
(Activated Virtual Pages#DIFFERENCE#CENTOS)/(NonHeapMemoryUsage.used#DIFFERENCE#JVM)#DIFFERENCE#COMPOSITION§SPS§1.0§0.015682234432234432§pdv=0.9999&pos=0.9999&pov=0.9999&dweight=0&m=10&pds=0.9999&n=10&
(CommittedVirtualMemorySize#PLAIN#JVM)-(FreePhysicalMemorySize#PLAIN#JVM)#DIFFERENCE#COMPOSITION§SPS§1.0§0.015512125902992778§pdv=0.9999&pos=0.9999&pov=0.9999&dweight=1&m=10&pds=0.9999&n=10&
(CommittedVirtualMemorySize#DIFFERENCE#JVM)-(FreePhysicalMemorySize#DIFFERENCE#JVM)#PLAIN#COMPOSITION§SPS§1.0§0.015512125902992778§pdv=0.9999&pos=0.9999&pov=0.9999&dweight=1&m=10&pds=0.9999&n=10&
(CommittedVirtualMemorySize#DIFFERENCE#JVM)-(FreePhysicalMemorySize#DIFFERENCE#JVM)#DIFFERENCE#COMPOSITION§SPS§1.0§0.015512125902992778§pdv=0.9999&pos=0.9999&pov=0.9999&dweight=1&m=10&pds=0.9999&n=10&
(NonHeapMemoryUsage.used#PLAIN#JVM)+(Minor Page Faults#PLAIN#CENTOS)#PLAIN#COMPOSITION§SPS§1.0§0.015153133903133902§pdv=0.9999&pos=0.9999&pov=0.9999&dweight=0&m=10&pds=0.9999&n=10&
Activated Virtual Pages#PLAIN#CENTOS§SPS§1.0§0.01445868945868946§pdv=0.9999&pos=0.9999&pov=0.9999&dweight=1&m=10&pds=0.9999&n=10&
NonHeapMemoryUsage.used#PLAIN#JVM§SPS§1.0§0.013888888888888888§pdv=0.9999&pos=0.9999&pov=0.9999&dweight=0&m=10&pds=0.9999&n=10&
(NonHeapMemoryUsage.used#PLAIN#JVM)/(Minor Page Faults#PLAIN#CENTOS)#PLAIN#COMPOSITION§SPS§1.0§0.013888888888888888§pdv=0.9999&pos=0.9999&pov=0.9999&dweight=0&m=10&pds=0.9999&n=10&
CommittedVirtualMemorySize#DIFFERENCE#JVM§SPS§1.0§0.013756613756613757§pdv=0.9999&pos=0.9999&pov=0.9999&dweight=0&m=40&pds=0.9999&n=40&
(Tcp_Close#DIFFERENCE#UNIX_NETWORK)/(Tcp_Established#DIFFERENCE#UNIX_NETWORK)#PLAIN#COMPOSITION§HIST§1.0§0.011111111111111112§interval_width=0.5&
(Tcp_TimeWait#PLAIN#UNIX_NETWORK)/(SystemCpuLoad#PLAIN#JVM)#PLAIN#COMPOSITION§SPS§1.0§0.009901028922768054§pdv=0.9999&pos=0.9999&pov=0.9999&dweight=0&m=10&pds=0.9999&n=10&
(Tcp_TimeWait#DIFFERENCE#UNIX_NETWORK)/(SystemCpuLoad#DIFFERENCE#JVM)#DIFFERENCE#COMPOSITION§SPS§1.0§0.009450590561701673§pdv=0.9999&pos=0.9999&pov=0.9999&dweight=1&m=10&pds=0.9999&n=10&
(Tcp_TimeWait#PLAIN#UNIX_NETWORK)/(SystemCpuLoad#PLAIN#JVM)#DIFFERENCE#COMPOSITION§SPS§1.0§0.009450590561701673§pdv=0.9999&pos=0.9999&pov=0.9999&dweight=1&m=10&pds=0.9999&n=10&
CPU I/O Wait Processes#DIFFERENCE#CENTOS§SPS§1.0§0.00925925925925926§pdv=0.9999&pos=0.9999&pov=0.9999&dweight=0&m=40&pds=0.9999&n=40&
Tcp_Established#PLAIN#UNIX_NETWORK§SPS§1.0§0.00925925925925926§pdv=0.9999&pos=0.9999&pov=0.9999&dweight=0&m=10&pds=0.9999&n=10&
(Net_Received#DIFFERENCE#UNIX_NETWORK)+(Tcp_Established#DIFFERENCE#UNIX_NETWORK)#PLAIN#COMPOSITION§SPS§1.0§0.00925925925925926§pdv=0.9999&pos=0.9999&pov=0.9999&dweight=0&m=10&pds=0.9999&n=10&
(Net_Received#DIFFERENCE#UNIX_NETWORK)+(Tcp_Established#DIFFERENCE#UNIX_NETWORK)#DIFFERENCE#COMPOSITION§SPS§1.0§0.00925925925925926§pdv=0.9999&pos=0.9999&pov=0.9999&dweight=0&m=10&pds=0.9999&n=10&
(Net_Received#DIFFERENCE#UNIX_NETWORK)/(Tcp_Established#DIFFERENCE#UNIX_NETWORK)#DIFFERENCE#COMPOSITION§SPS§1.0§0.00925925925925926§pdv=0.9999&pos=0.9999&pov=0.9999&dweight=0&m=10&pds=0.9999&n=10&
(Net_Received#PLAIN#UNIX_NETWORK)+(Tcp_Established#PLAIN#UNIX_NETWORK)#PLAIN#COMPOSITION§SPS§1.0§0.00925925925925926§pdv=0.9999&pos=0.9999&pov=0.9999&dweight=0&m=10&pds=0.9999&n=10&
(Net_Received#PLAIN#UNIX_NETWORK)-(Tcp_Established#PLAIN#UNIX_NETWORK)#PLAIN#COMPOSITION§SPS§1.0§0.00925925925925926§pdv=0.9999&pos=0.9999&pov=0.9999&dweight=1&m=10&pds=0.9999&n=10&
(Net_Received#PLAIN#UNIX_NETWORK)/(Tcp_Established#PLAIN#UNIX_NETWORK)#PLAIN#COMPOSITION§SPS§1.0§0.00925925925925926§pdv=0.9999&pos=0.9999&pov=0.9999&dweight=0&m=10&pds=0.9999&n=10&
(Net_Received#PLAIN#UNIX_NETWORK)+(Tcp_Established#PLAIN#UNIX_NETWORK)#DIFFERENCE#COMPOSITION§SPS§1.0§0.00925925925925926§pdv=0.9999&pos=0.9999&pov=0.9999&dweight=0&m=10&pds=0.9999&n=10&
(Net_Received#PLAIN#UNIX_NETWORK)/(Tcp_Established#PLAIN#UNIX_NETWORK)#DIFFERENCE#COMPOSITION§SPS§1.0§0.00925925925925926§pdv=0.9999&pos=0.9999&pov=0.9999&dweight=0&m=10&pds=0.9999&n=10&
(Tcp_Close#PLAIN#UNIX_NETWORK)/(Tcp_Established#PLAIN#UNIX_NETWORK)#PLAIN#COMPOSITION§SPS§1.0§0.00925925925925926§pdv=0.9999&pos=0.9999&pov=0.9999&dweight=0&m=20&pds=0.9999&n=20&
(CPU I/O Wait Processes#PLAIN#CENTOS)/(CPU Idle Processes#PLAIN#CENTOS)#DIFFERENCE#COMPOSITION§SPS§1.0§0.00925925925925926§pdv=0.9999&pos=0.9999&pov=0.9999&dweight=0&m=40&pds=0.9999&n=40&
Activated Virtual Pages#DIFFERENCE#CENTOS§SPS§1.0§0.008214981899192425§pdv=0.9999&pos=0.9999&pov=0.9999&dweight=1&m=10&pds=0.9999&n=10&
Tcp_Established#DIFFERENCE#UNIX_NETWORK§SPS§1.0§0.007936507936507936§pdv=0.9999&pos=0.9999&pov=0.9999&dweight=1&m=10&pds=0.9999&n=10&
(Net_Received#DIFFERENCE#UNIX_NETWORK)-(Tcp_Established#DIFFERENCE#UNIX_NETWORK)#PLAIN#COMPOSITION§SPS§1.0§0.007936507936507936§pdv=0.9999&pos=0.9999&pov=0.9999&dweight=0&m=10&pds=0.9999&n=10&
(Net_Received#DIFFERENCE#UNIX_NETWORK)-(Tcp_Established#DIFFERENCE#UNIX_NETWORK)#DIFFERENCE#COMPOSITION§SPS§1.0§0.007936507936507936§pdv=0.9999&pos=0.9999&pov=0.9999&dweight=0&m=10&pds=0.9999&n=10&
(Net_Received#PLAIN#UNIX_NETWORK)-(Tcp_Established#PLAIN#UNIX_NETWORK)#DIFFERENCE#COMPOSITION§SPS§1.0§0.007936507936507936§pdv=0.9999&pos=0.9999&pov=0.9999&dweight=0&m=10&pds=0.9999&n=10&
(Tcp_Close#PLAIN#UNIX_NETWORK)-(Tcp_Established#PLAIN#UNIX_NETWORK)#PLAIN#COMPOSITION§SPS§1.0§0.007936507936507936§pdv=0.9999&pos=0.9999&pov=0.9999&dweight=1&m=10&pds=0.9999&n=10&
(Tcp_Close#PLAIN#UNIX_NETWORK)/(Tcp_Established#PLAIN#UNIX_NETWORK)#DIFFERENCE#COMPOSITION§SPS§1.0§0.007936507936507936§pdv=0.9999&pos=0.9999&pov=0.9999&dweight=0&m=20&pds=0.9999&n=20&
(Tcp_Close#DIFFERENCE#UNIX_NETWORK)/(Tcp_Established#DIFFERENCE#UNIX_NETWORK)#DIFFERENCE#COMPOSITION§SPS§1.0§0.007936507936507936§pdv=0.9999&pos=0.9999&pov=0.9999&dweight=0&m=20&pds=0.9999&n=20&
Tcp_Close#PLAIN#UNIX_NETWORK§SPS§1.0§0.006944444444444444§pdv=0.9999&pos=0.9999&pov=0.9999&dweight=0&m=10&pds=0.9999&n=10&
(Tcp_Close#PLAIN#UNIX_NETWORK)-(Tcp_Established#PLAIN#UNIX_NETWORK)#DIFFERENCE#COMPOSITION§SPS§1.0§0.00617283950617284§pdv=0.9999&pos=0.9999&pov=0.9999&dweight=0&m=10&pds=0.9999&n=10&
(Tcp_Close#DIFFERENCE#UNIX_NETWORK)-(Tcp_Established#DIFFERENCE#UNIX_NETWORK)#PLAIN#COMPOSITION§SPS§1.0§0.00617283950617284§pdv=0.9999&pos=0.9999&pov=0.9999&dweight=0&m=10&pds=0.9999&n=10&
(Tcp_Close#DIFFERENCE#UNIX_NETWORK)-(Tcp_Established#DIFFERENCE#UNIX_NETWORK)#DIFFERENCE#COMPOSITION§SPS§1.0§0.00617283950617284§pdv=0.9999&pos=0.9999&pov=0.9999&dweight=0&m=10&pds=0.9999&n=10&
Tcp_Close#DIFFERENCE#UNIX_NETWORK§SPS§1.0§0.005555555555555556§pdv=0.9999&pos=0.9999&pov=0.9999&dweight=0&m=10&pds=0.9999&n=10&
(Active Files#DIFFERENCE#CENTOS)+(Activated Virtual Pages#DIFFERENCE#CENTOS)#PLAIN#COMPOSITION§SPS§1.0§0.005555555555555556§pdv=0.9999&pos=0.9999&pov=0.9999&dweight=0&m=20&pds=0.9999&n=20&
(Active Files#DIFFERENCE#CENTOS)+(Activated Virtual Pages#DIFFERENCE#CENTOS)#DIFFERENCE#COMPOSITION§SPS§1.0§0.005555555555555556§pdv=0.9999&pos=0.9999&pov=0.9999&dweight=0&m=20&pds=0.9999&n=20&
(CPU I/O Wait Processes#PLAIN#CENTOS)-(CPU Idle Processes#PLAIN#CENTOS)#PLAIN#COMPOSITION§SPS§1.0§0.0022222222222222222§pdv=0.9999&pos=0.9999&pov=0.9999&dweight=0&m=10&pds=0.9999&n=10&
CPU Idle Processes#PLAIN#CENTOS§SPS§1.0§0.002136752136752137§pdv=0.9999&pos=0.9999&pov=0.9999&dweight=1&m=10&pds=0.9999&n=10&
CPU Idle Processes#DIFFERENCE#CENTOS§HIST§1.0§0.0§interval_width=0.5&
NonHeapMemoryUsage.used#PLAIN#JVM§HIST§1.0§0.0§interval_width=0.5&
LoadedClassCount#DIFFERENCE#JVM§HIST§1.0§0.0§interval_width=0.5&
Active Files#DIFFERENCE#CENTOS§HIST§1.0§0.0§interval_width=0.5&
Usage.used#PLAIN#JVM§HIST§1.0§0.0§interval_width=0.5&
Usage.used#DIFFERENCE#JVM§HIST§1.0§0.0§interval_width=0.5&
Activated Virtual Pages#DIFFERENCE#CENTOS§HIST§1.0§0.0§interval_width=0.5&
PageIn#PLAIN#CENTOS§HIST§1.0§0.0§interval_width=0.5&
HeapMemoryUsage.used#PLAIN#JVM§HIST§1.0§0.0§interval_width=0.5&
HeapMemoryUsage.used#DIFFERENCE#JVM§HIST§1.0§0.0§interval_width=0.5&
Inactive Files#PLAIN#CENTOS§HIST§1.0§0.0§interval_width=0.5&
Inactive Files#DIFFERENCE#CENTOS§HIST§1.0§0.0§interval_width=0.5&
PageOut#DIFFERENCE#CENTOS§HIST§1.0§0.0§interval_width=0.5&
ProcessCpuLoad#PLAIN#JVM§HIST§1.0§0.0§interval_width=0.5&
ProcessCpuLoad#DIFFERENCE#JVM§HIST§1.0§0.0§interval_width=0.5&
TotalLoadedClassCount#DIFFERENCE#JVM§HIST§1.0§0.0§interval_width=0.5&
Tcp_Close#PLAIN#UNIX_NETWORK§HIST§1.0§0.0§interval_width=0.5&
Tcp_Close#DIFFERENCE#UNIX_NETWORK§HIST§1.0§0.0§interval_width=0.5&
CPU User Processes#DIFFERENCE#CENTOS§HIST§1.0§0.0§interval_width=0.5&
Cached Memory#PLAIN#CENTOS§HIST§1.0§0.0§interval_width=0.5&
Cached Memory#DIFFERENCE#CENTOS§HIST§1.0§0.0§interval_width=0.5&
Major Page Faults#PLAIN#CENTOS§HIST§1.0§0.0§interval_width=0.5&
Major Page Faults#DIFFERENCE#CENTOS§HIST§1.0§0.0§interval_width=0.5&
SystemCpuLoad#PLAIN#JVM§HIST§1.0§0.0§interval_width=0.5&
SystemCpuLoad#DIFFERENCE#JVM§HIST§1.0§0.0§interval_width=0.5&
CPU Kernel Processes#DIFFERENCE#CENTOS§HIST§1.0§0.0§interval_width=0.5&
Inactive Memory#PLAIN#CENTOS§HIST§1.0§0.0§interval_width=0.5&
Inactive Memory#DIFFERENCE#CENTOS§HIST§1.0§0.0§interval_width=0.5&
Free Memory#PLAIN#CENTOS§HIST§1.0§0.0§interval_width=0.5&
Free Memory#DIFFERENCE#CENTOS§HIST§1.0§0.0§interval_width=0.5&
Active Memory#PLAIN#CENTOS§HIST§1.0§0.0§interval_width=0.5&
Active Memory#DIFFERENCE#CENTOS§HIST§1.0§0.0§interval_width=0.5&
PeakUsage.used#PLAIN#JVM§HIST§1.0§0.0§interval_width=0.5&
PeakUsage.used#DIFFERENCE#JVM§HIST§1.0§0.0§interval_width=0.5&
Minor Page Faults#DIFFERENCE#CENTOS§HIST§1.0§0.0§interval_width=0.5&
CPU I/O Wait Processes#DIFFERENCE#CENTOS§HIST§1.0§0.0§interval_width=0.5&
Tcp_Established#PLAIN#UNIX_NETWORK§HIST§1.0§0.0§interval_width=0.5&
Tcp_Established#DIFFERENCE#UNIX_NETWORK§HIST§1.0§0.0§interval_width=0.5&
Buffers#PLAIN#CENTOS§HIST§1.0§0.0§interval_width=0.5&
Free Virtual Pages#DIFFERENCE#CENTOS§HIST§1.0§0.0§interval_width=0.5&
(TotalLoadedClassCount#DIFFERENCE#JVM)+(LoadedClassCount#DIFFERENCE#JVM)#PLAIN#COMPOSITION§HIST§1.0§0.0§interval_width=0.5&
(TotalLoadedClassCount#DIFFERENCE#JVM)/(LoadedClassCount#DIFFERENCE#JVM)#PLAIN#COMPOSITION§HIST§1.0§0.0§interval_width=0.5&
(TotalLoadedClassCount#DIFFERENCE#JVM)+(LoadedClassCount#DIFFERENCE#JVM)#DIFFERENCE#COMPOSITION§HIST§1.0§0.0§interval_width=0.5&
(TotalLoadedClassCount#DIFFERENCE#JVM)/(LoadedClassCount#DIFFERENCE#JVM)#DIFFERENCE#COMPOSITION§HIST§1.0§0.0§interval_width=0.5&
(LoadedClassCount#PLAIN#JVM)-(TotalLoadedClassCount#PLAIN#JVM)#PLAIN#COMPOSITION§HIST§1.0§0.0§interval_width=0.5&
(LoadedClassCount#PLAIN#JVM)/(TotalLoadedClassCount#PLAIN#JVM)#PLAIN#COMPOSITION§HIST§1.0§0.0§interval_width=0.5&
(LoadedClassCount#PLAIN#JVM)+(TotalLoadedClassCount#PLAIN#JVM)#DIFFERENCE#COMPOSITION§HIST§1.0§0.0§interval_width=0.5&
(LoadedClassCount#PLAIN#JVM)-(TotalLoadedClassCount#PLAIN#JVM)#DIFFERENCE#COMPOSITION§HIST§1.0§0.0§interval_width=0.5&
(LoadedClassCount#PLAIN#JVM)/(TotalLoadedClassCount#PLAIN#JVM)#DIFFERENCE#COMPOSITION§HIST§1.0§0.0§interval_width=0.5&
(Tcp_TimeWait#DIFFERENCE#UNIX_NETWORK)+(SystemCpuLoad#DIFFERENCE#JVM)#PLAIN#COMPOSITION§HIST§1.0§0.0§interval_width=0.5&
(Tcp_TimeWait#DIFFERENCE#UNIX_NETWORK)+(SystemCpuLoad#DIFFERENCE#JVM)#DIFFERENCE#COMPOSITION§HIST§1.0§0.0§interval_width=0.5&
(HeapMemoryUsage.used#DIFFERENCE#JVM)+(NonHeapMemoryUsage.used#DIFFERENCE#JVM)#PLAIN#COMPOSITION§HIST§1.0§0.0§interval_width=0.5&
(HeapMemoryUsage.used#DIFFERENCE#JVM)-(NonHeapMemoryUsage.used#DIFFERENCE#JVM)#PLAIN#COMPOSITION§HIST§1.0§0.0§interval_width=0.5&
(HeapMemoryUsage.used#DIFFERENCE#JVM)+(NonHeapMemoryUsage.used#DIFFERENCE#JVM)#DIFFERENCE#COMPOSITION§HIST§1.0§0.0§interval_width=0.5&
(HeapMemoryUsage.used#DIFFERENCE#JVM)-(NonHeapMemoryUsage.used#DIFFERENCE#JVM)#DIFFERENCE#COMPOSITION§HIST§1.0§0.0§interval_width=0.5&
(Active Files#PLAIN#CENTOS)+(Inactive Files#PLAIN#CENTOS)#PLAIN#COMPOSITION§HIST§1.0§0.0§interval_width=0.5&
(Active Files#PLAIN#CENTOS)-(Inactive Files#PLAIN#CENTOS)#PLAIN#COMPOSITION§HIST§1.0§0.0§interval_width=0.5&
(Active Files#PLAIN#CENTOS)/(Inactive Files#PLAIN#CENTOS)#PLAIN#COMPOSITION§HIST§1.0§0.0§interval_width=0.5&
(Active Files#PLAIN#CENTOS)+(Inactive Files#PLAIN#CENTOS)#DIFFERENCE#COMPOSITION§HIST§1.0§0.0§interval_width=0.5&
(Active Files#PLAIN#CENTOS)-(Inactive Files#PLAIN#CENTOS)#DIFFERENCE#COMPOSITION§HIST§1.0§0.0§interval_width=0.5&
(Active Files#PLAIN#CENTOS)/(Inactive Files#PLAIN#CENTOS)#DIFFERENCE#COMPOSITION§HIST§1.0§0.0§interval_width=0.5&
(Cached Memory#DIFFERENCE#CENTOS)+(Activated Virtual Pages#DIFFERENCE#CENTOS)#PLAIN#COMPOSITION§HIST§1.0§0.0§interval_width=0.5&
(Cached Memory#DIFFERENCE#CENTOS)-(Activated Virtual Pages#DIFFERENCE#CENTOS)#PLAIN#COMPOSITION§HIST§1.0§0.0§interval_width=0.5&
(Cached Memory#DIFFERENCE#CENTOS)/(Activated Virtual Pages#DIFFERENCE#CENTOS)#PLAIN#COMPOSITION§HIST§1.0§0.0§interval_width=0.5&
(Cached Memory#DIFFERENCE#CENTOS)+(Activated Virtual Pages#DIFFERENCE#CENTOS)#DIFFERENCE#COMPOSITION§HIST§1.0§0.0§interval_width=0.5&
(Cached Memory#DIFFERENCE#CENTOS)-(Activated Virtual Pages#DIFFERENCE#CENTOS)#DIFFERENCE#COMPOSITION§HIST§1.0§0.0§interval_width=0.5&
(Cached Memory#DIFFERENCE#CENTOS)/(Activated Virtual Pages#DIFFERENCE#CENTOS)#DIFFERENCE#COMPOSITION§HIST§1.0§0.0§interval_width=0.5&
(PageOut#PLAIN#CENTOS)-(Minor Page Faults#PLAIN#CENTOS)#PLAIN#COMPOSITION§HIST§1.0§0.0§interval_width=0.5&
(PageOut#PLAIN#CENTOS)+(Minor Page Faults#PLAIN#CENTOS)#DIFFERENCE#COMPOSITION§HIST§1.0§0.0§interval_width=0.5&
(Free Virtual Pages#PLAIN#CENTOS)+(Minor Page Faults#PLAIN#CENTOS)#DIFFERENCE#COMPOSITION§HIST§1.0§0.0§interval_width=0.5&
(Usage.used#DIFFERENCE#JVM)+(PeakUsage.used#DIFFERENCE#JVM)#PLAIN#COMPOSITION§HIST§1.0§0.0§interval_width=0.5&
(Usage.used#DIFFERENCE#JVM)+(PeakUsage.used#DIFFERENCE#JVM)#DIFFERENCE#COMPOSITION§HIST§1.0§0.0§interval_width=0.5&
(Net_Received#DIFFERENCE#UNIX_NETWORK)/(Tcp_Established#DIFFERENCE#UNIX_NETWORK)#PLAIN#COMPOSITION§HIST§1.0§0.0§interval_width=0.5&
(Net_Received#DIFFERENCE#UNIX_NETWORK)/(Tcp_Established#DIFFERENCE#UNIX_NETWORK)#DIFFERENCE#COMPOSITION§HIST§1.0§0.0§interval_width=0.5&
(SystemCpuLoad#PLAIN#JVM)+(ProcessCpuLoad#PLAIN#JVM)#PLAIN#COMPOSITION§HIST§1.0§0.0§interval_width=0.5&
(SystemCpuLoad#PLAIN#JVM)-(ProcessCpuLoad#PLAIN#JVM)#PLAIN#COMPOSITION§HIST§1.0§0.0§interval_width=0.5&
(SystemCpuLoad#PLAIN#JVM)+(ProcessCpuLoad#PLAIN#JVM)#DIFFERENCE#COMPOSITION§HIST§1.0§0.0§interval_width=0.5&
(SystemCpuLoad#PLAIN#JVM)-(ProcessCpuLoad#PLAIN#JVM)#DIFFERENCE#COMPOSITION§HIST§1.0§0.0§interval_width=0.5&
(PageIn#DIFFERENCE#CENTOS)+(PageOut#DIFFERENCE#CENTOS)#PLAIN#COMPOSITION§HIST§1.0§0.0§interval_width=0.5&
(PageIn#DIFFERENCE#CENTOS)+(PageOut#DIFFERENCE#CENTOS)#DIFFERENCE#COMPOSITION§HIST§1.0§0.0§interval_width=0.5&
(CPU User Processes#DIFFERENCE#CENTOS)+(CPU Interrupts#DIFFERENCE#CENTOS)#PLAIN#COMPOSITION§HIST§1.0§0.0§interval_width=0.5&
(CPU User Processes#DIFFERENCE#CENTOS)-(CPU Interrupts#DIFFERENCE#CENTOS)#PLAIN#COMPOSITION§HIST§1.0§0.0§interval_width=0.5&
(CPU User Processes#DIFFERENCE#CENTOS)/(CPU Interrupts#DIFFERENCE#CENTOS)#PLAIN#COMPOSITION§HIST§1.0§0.0§interval_width=0.5&
(CPU User Processes#DIFFERENCE#CENTOS)+(CPU Interrupts#DIFFERENCE#CENTOS)#DIFFERENCE#COMPOSITION§HIST§1.0§0.0§interval_width=0.5&
(CPU User Processes#DIFFERENCE#CENTOS)-(CPU Interrupts#DIFFERENCE#CENTOS)#DIFFERENCE#COMPOSITION§HIST§1.0§0.0§interval_width=0.5&
(CPU User Processes#DIFFERENCE#CENTOS)/(CPU Interrupts#DIFFERENCE#CENTOS)#DIFFERENCE#COMPOSITION§HIST§1.0§0.0§interval_width=0.5&
(Active Files#DIFFERENCE#CENTOS)+(Activated Virtual Pages#DIFFERENCE#CENTOS)#PLAIN#COMPOSITION§HIST§1.0§0.0§interval_width=0.5&
(Active Files#DIFFERENCE#CENTOS)-(Activated Virtual Pages#DIFFERENCE#CENTOS)#PLAIN#COMPOSITION§HIST§1.0§0.0§interval_width=0.5&
(Active Files#DIFFERENCE#CENTOS)/(Activated Virtual Pages#DIFFERENCE#CENTOS)#PLAIN#COMPOSITION§HIST§1.0§0.0§interval_width=0.5&
(Active Files#DIFFERENCE#CENTOS)+(Activated Virtual Pages#DIFFERENCE#CENTOS)#DIFFERENCE#COMPOSITION§HIST§1.0§0.0§interval_width=0.5&
(Active Files#DIFFERENCE#CENTOS)-(Activated Virtual Pages#DIFFERENCE#CENTOS)#DIFFERENCE#COMPOSITION§HIST§1.0§0.0§interval_width=0.5&
(Active Files#DIFFERENCE#CENTOS)/(Activated Virtual Pages#DIFFERENCE#CENTOS)#DIFFERENCE#COMPOSITION§HIST§1.0§0.0§interval_width=0.5&
(Net_Received#PLAIN#UNIX_NETWORK)/(Tcp_Established#PLAIN#UNIX_NETWORK)#PLAIN#COMPOSITION§HIST§1.0§0.0§interval_width=0.5&
(Net_Received#PLAIN#UNIX_NETWORK)/(Tcp_Established#PLAIN#UNIX_NETWORK)#DIFFERENCE#COMPOSITION§HIST§1.0§0.0§interval_width=0.5&
(PeakUsage.used#PLAIN#JVM)+(Usage.used#PLAIN#JVM)#PLAIN#COMPOSITION§HIST§1.0§0.0§interval_width=0.5&
(PeakUsage.used#PLAIN#JVM)+(Usage.used#PLAIN#JVM)#DIFFERENCE#COMPOSITION§HIST§1.0§0.0§interval_width=0.5&
(CPU Idle Processes#PLAIN#CENTOS)+(Minor Page Faults#PLAIN#CENTOS)#DIFFERENCE#COMPOSITION§HIST§1.0§0.0§interval_width=0.5&
(Inactive Memory#DIFFERENCE#CENTOS)+(Activated Virtual Pages#DIFFERENCE#CENTOS)#PLAIN#COMPOSITION§HIST§1.0§0.0§interval_width=0.5&
(Inactive Memory#DIFFERENCE#CENTOS)-(Activated Virtual Pages#DIFFERENCE#CENTOS)#PLAIN#COMPOSITION§HIST§1.0§0.0§interval_width=0.5&
(Inactive Memory#DIFFERENCE#CENTOS)/(Activated Virtual Pages#DIFFERENCE#CENTOS)#PLAIN#COMPOSITION§HIST§1.0§0.0§interval_width=0.5&
(Inactive Memory#DIFFERENCE#CENTOS)+(Activated Virtual Pages#DIFFERENCE#CENTOS)#DIFFERENCE#COMPOSITION§HIST§1.0§0.0§interval_width=0.5&
(Inactive Memory#DIFFERENCE#CENTOS)-(Activated Virtual Pages#DIFFERENCE#CENTOS)#DIFFERENCE#COMPOSITION§HIST§1.0§0.0§interval_width=0.5&
(Inactive Memory#DIFFERENCE#CENTOS)/(Activated Virtual Pages#DIFFERENCE#CENTOS)#DIFFERENCE#COMPOSITION§HIST§1.0§0.0§interval_width=0.5&
(HeapMemoryUsage.used#PLAIN#JVM)+(NonHeapMemoryUsage.used#PLAIN#JVM)#PLAIN#COMPOSITION§HIST§1.0§0.0§interval_width=0.5&
(HeapMemoryUsage.used#PLAIN#JVM)-(NonHeapMemoryUsage.used#PLAIN#JVM)#PLAIN#COMPOSITION§HIST§1.0§0.0§interval_width=0.5&
(HeapMemoryUsage.used#PLAIN#JVM)+(NonHeapMemoryUsage.used#PLAIN#JVM)#DIFFERENCE#COMPOSITION§HIST§1.0§0.0§interval_width=0.5&
(HeapMemoryUsage.used#PLAIN#JVM)-(NonHeapMemoryUsage.used#PLAIN#JVM)#DIFFERENCE#COMPOSITION§HIST§1.0§0.0§interval_width=0.5&
(Usage.used#PLAIN#JVM)+(PeakUsage.used#PLAIN#JVM)#PLAIN#COMPOSITION§HIST§1.0§0.0§interval_width=0.5&
(Usage.used#PLAIN#JVM)+(PeakUsage.used#PLAIN#JVM)#DIFFERENCE#COMPOSITION§HIST§1.0§0.0§interval_width=0.5&
(Tcp_TimeWait#PLAIN#UNIX_NETWORK)+(SystemCpuLoad#PLAIN#JVM)#PLAIN#COMPOSITION§HIST§1.0§0.0§interval_width=0.5&
(Tcp_TimeWait#PLAIN#UNIX_NETWORK)+(SystemCpuLoad#PLAIN#JVM)#DIFFERENCE#COMPOSITION§HIST§1.0§0.0§interval_width=0.5&
(Active Memory#PLAIN#CENTOS)+(Cached Memory#PLAIN#CENTOS)#PLAIN#COMPOSITION§HIST§1.0§0.0§interval_width=0.5&
(Active Memory#PLAIN#CENTOS)-(Cached Memory#PLAIN#CENTOS)#PLAIN#COMPOSITION§HIST§1.0§0.0§interval_width=0.5&
(Active Memory#PLAIN#CENTOS)+(Cached Memory#PLAIN#CENTOS)#DIFFERENCE#COMPOSITION§HIST§1.0§0.0§interval_width=0.5&
(Active Memory#PLAIN#CENTOS)-(Cached Memory#PLAIN#CENTOS)#DIFFERENCE#COMPOSITION§HIST§1.0§0.0§interval_width=0.5&
(Tcp_Close#PLAIN#UNIX_NETWORK)+(Tcp_Established#PLAIN#UNIX_NETWORK)#PLAIN#COMPOSITION§HIST§1.0§0.0§interval_width=0.5&
(Tcp_Close#PLAIN#UNIX_NETWORK)-(Tcp_Established#PLAIN#UNIX_NETWORK)#PLAIN#COMPOSITION§HIST§1.0§0.0§interval_width=0.5&
(Tcp_Close#PLAIN#UNIX_NETWORK)+(Tcp_Established#PLAIN#UNIX_NETWORK)#DIFFERENCE#COMPOSITION§HIST§1.0§0.0§interval_width=0.5&
(Tcp_Close#PLAIN#UNIX_NETWORK)-(Tcp_Established#PLAIN#UNIX_NETWORK)#DIFFERENCE#COMPOSITION§HIST§1.0§0.0§interval_width=0.5&
(Buffers#PLAIN#CENTOS)+(Minor Page Faults#PLAIN#CENTOS)#DIFFERENCE#COMPOSITION§HIST§1.0§0.0§interval_width=0.5&
(Active Memory#DIFFERENCE#CENTOS)+(Cached Memory#DIFFERENCE#CENTOS)#PLAIN#COMPOSITION§HIST§1.0§0.0§interval_width=0.5&
(Active Memory#DIFFERENCE#CENTOS)-(Cached Memory#DIFFERENCE#CENTOS)#PLAIN#COMPOSITION§HIST§1.0§0.0§interval_width=0.5&
(Active Memory#DIFFERENCE#CENTOS)+(Cached Memory#DIFFERENCE#CENTOS)#DIFFERENCE#COMPOSITION§HIST§1.0§0.0§interval_width=0.5&
(Active Memory#DIFFERENCE#CENTOS)-(Cached Memory#DIFFERENCE#CENTOS)#DIFFERENCE#COMPOSITION§HIST§1.0§0.0§interval_width=0.5&
(SystemCpuLoad#DIFFERENCE#JVM)+(ProcessCpuLoad#DIFFERENCE#JVM)#PLAIN#COMPOSITION§HIST§1.0§0.0§interval_width=0.5&
(SystemCpuLoad#DIFFERENCE#JVM)-(ProcessCpuLoad#DIFFERENCE#JVM)#PLAIN#COMPOSITION§HIST§1.0§0.0§interval_width=0.5&
(SystemCpuLoad#DIFFERENCE#JVM)+(ProcessCpuLoad#DIFFERENCE#JVM)#DIFFERENCE#COMPOSITION§HIST§1.0§0.0§interval_width=0.5&
(SystemCpuLoad#DIFFERENCE#JVM)-(ProcessCpuLoad#DIFFERENCE#JVM)#DIFFERENCE#COMPOSITION§HIST§1.0§0.0§interval_width=0.5&
(LoadedClassCount#DIFFERENCE#JVM)+(TotalLoadedClassCount#DIFFERENCE#JVM)#PLAIN#COMPOSITION§HIST§1.0§0.0§interval_width=0.5&
(LoadedClassCount#DIFFERENCE#JVM)-(TotalLoadedClassCount#DIFFERENCE#JVM)#PLAIN#COMPOSITION§HIST§1.0§0.0§interval_width=0.5&
(LoadedClassCount#DIFFERENCE#JVM)/(TotalLoadedClassCount#DIFFERENCE#JVM)#PLAIN#COMPOSITION§HIST§1.0§0.0§interval_width=0.5&
(LoadedClassCount#DIFFERENCE#JVM)+(TotalLoadedClassCount#DIFFERENCE#JVM)#DIFFERENCE#COMPOSITION§HIST§1.0§0.0§interval_width=0.5&
(LoadedClassCount#DIFFERENCE#JVM)-(TotalLoadedClassCount#DIFFERENCE#JVM)#DIFFERENCE#COMPOSITION§HIST§1.0§0.0§interval_width=0.5&
(LoadedClassCount#DIFFERENCE#JVM)/(TotalLoadedClassCount#DIFFERENCE#JVM)#DIFFERENCE#COMPOSITION§HIST§1.0§0.0§interval_width=0.5&
(Inactive Files#DIFFERENCE#CENTOS)+(Activated Virtual Pages#DIFFERENCE#CENTOS)#PLAIN#COMPOSITION§HIST§1.0§0.0§interval_width=0.5&
(Inactive Files#DIFFERENCE#CENTOS)-(Activated Virtual Pages#DIFFERENCE#CENTOS)#PLAIN#COMPOSITION§HIST§1.0§0.0§interval_width=0.5&
(Inactive Files#DIFFERENCE#CENTOS)/(Activated Virtual Pages#DIFFERENCE#CENTOS)#PLAIN#COMPOSITION§HIST§1.0§0.0§interval_width=0.5&
(Inactive Files#DIFFERENCE#CENTOS)+(Activated Virtual Pages#DIFFERENCE#CENTOS)#DIFFERENCE#COMPOSITION§HIST§1.0§0.0§interval_width=0.5&
(Inactive Files#DIFFERENCE#CENTOS)-(Activated Virtual Pages#DIFFERENCE#CENTOS)#DIFFERENCE#COMPOSITION§HIST§1.0§0.0§interval_width=0.5&
(Inactive Files#DIFFERENCE#CENTOS)/(Activated Virtual Pages#DIFFERENCE#CENTOS)#DIFFERENCE#COMPOSITION§HIST§1.0§0.0§interval_width=0.5&
(CPU I/O Wait Processes#PLAIN#CENTOS)+(CPU Idle Processes#PLAIN#CENTOS)#DIFFERENCE#COMPOSITION§HIST§1.0§0.0§interval_width=0.5&
(PageIn#PLAIN#CENTOS)-(PageOut#PLAIN#CENTOS)#PLAIN#COMPOSITION§HIST§1.0§0.0§interval_width=0.5&
(PageIn#PLAIN#CENTOS)+(PageOut#PLAIN#CENTOS)#DIFFERENCE#COMPOSITION§HIST§1.0§0.0§interval_width=0.5&
(CPU Kernel Processes#DIFFERENCE#CENTOS)+(Activated Virtual Pages#DIFFERENCE#CENTOS)#PLAIN#COMPOSITION§HIST§1.0§0.0§interval_width=0.5&
(CPU Kernel Processes#DIFFERENCE#CENTOS)-(Activated Virtual Pages#DIFFERENCE#CENTOS)#PLAIN#COMPOSITION§HIST§1.0§0.0§interval_width=0.5&
(CPU Kernel Processes#DIFFERENCE#CENTOS)/(Activated Virtual Pages#DIFFERENCE#CENTOS)#PLAIN#COMPOSITION§HIST§1.0§0.0§interval_width=0.5&
(CPU Kernel Processes#DIFFERENCE#CENTOS)+(Activated Virtual Pages#DIFFERENCE#CENTOS)#DIFFERENCE#COMPOSITION§HIST§1.0§0.0§interval_width=0.5&
(CPU Kernel Processes#DIFFERENCE#CENTOS)-(Activated Virtual Pages#DIFFERENCE#CENTOS)#DIFFERENCE#COMPOSITION§HIST§1.0§0.0§interval_width=0.5&
(CPU Kernel Processes#DIFFERENCE#CENTOS)/(Activated Virtual Pages#DIFFERENCE#CENTOS)#DIFFERENCE#COMPOSITION§HIST§1.0§0.0§interval_width=0.5&
(Tcp_Close#DIFFERENCE#UNIX_NETWORK)+(Tcp_Established#DIFFERENCE#UNIX_NETWORK)#PLAIN#COMPOSITION§HIST§1.0§0.0§interval_width=0.5&
(Tcp_Close#DIFFERENCE#UNIX_NETWORK)-(Tcp_Established#DIFFERENCE#UNIX_NETWORK)#PLAIN#COMPOSITION§HIST§1.0§0.0§interval_width=0.5&
(Tcp_Close#DIFFERENCE#UNIX_NETWORK)+(Tcp_Established#DIFFERENCE#UNIX_NETWORK)#DIFFERENCE#COMPOSITION§HIST§1.0§0.0§interval_width=0.5&
(Tcp_Close#DIFFERENCE#UNIX_NETWORK)-(Tcp_Established#DIFFERENCE#UNIX_NETWORK)#DIFFERENCE#COMPOSITION§HIST§1.0§0.0§interval_width=0.5&
(CPU Idle Processes#DIFFERENCE#CENTOS)+(SystemCpuLoad#PLAIN#JVM)#PLAIN#COMPOSITION§HIST§1.0§0.0§interval_width=0.5&
(CPU Idle Processes#DIFFERENCE#CENTOS)-(SystemCpuLoad#PLAIN#JVM)#PLAIN#COMPOSITION§HIST§1.0§0.0§interval_width=0.5&
(CPU Idle Processes#DIFFERENCE#CENTOS)/(SystemCpuLoad#PLAIN#JVM)#PLAIN#COMPOSITION§HIST§1.0§0.0§interval_width=0.5&
(CPU Idle Processes#DIFFERENCE#CENTOS)+(SystemCpuLoad#PLAIN#JVM)#DIFFERENCE#COMPOSITION§HIST§1.0§0.0§interval_width=0.5&
(CPU Idle Processes#DIFFERENCE#CENTOS)-(SystemCpuLoad#PLAIN#JVM)#DIFFERENCE#COMPOSITION§HIST§1.0§0.0§interval_width=0.5&
(CPU Idle Processes#DIFFERENCE#CENTOS)/(SystemCpuLoad#PLAIN#JVM)#DIFFERENCE#COMPOSITION§HIST§1.0§0.0§interval_width=0.5&
Deactivated Virtual Pages#PLAIN#CENTOS§SPS§1.0§0.0§pdv=0.9999&pos=0.9999&pov=0.9999&dweight=0&m=10&pds=0.9999&n=10&
Deactivated Virtual Pages#DIFFERENCE#CENTOS§SPS§1.0§0.0§pdv=0.9999&pos=0.9999&pov=0.9999&dweight=0&m=10&pds=0.9999&n=10&
Free Swap Space#PLAIN#CENTOS§SPS§1.0§0.0§pdv=0.9999&pos=0.9999&pov=0.9999&dweight=0&m=10&pds=0.9999&n=10&
Free Swap Space#DIFFERENCE#CENTOS§SPS§1.0§0.0§pdv=0.9999&pos=0.9999&pov=0.9999&dweight=0&m=10&pds=0.9999&n=10&
LoadedClassCount#PLAIN#JVM§SPS§1.0§0.0§pdv=0.9999&pos=0.9999&pov=0.9999&dweight=0&m=10&pds=0.9999&n=10&
LoadedClassCount#DIFFERENCE#JVM§SPS§1.0§0.0§pdv=0.9999&pos=0.9999&pov=0.9999&dweight=0&m=10&pds=0.9999&n=10&
CommittedVirtualMemorySize#PLAIN#JVM§SPS§1.0§0.0§pdv=0.9999&pos=0.9999&pov=0.9999&dweight=0&m=10&pds=0.9999&n=10&
PeakThreadCount#PLAIN#JVM§SPS§1.0§0.0§pdv=0.9999&pos=0.9999&pov=0.9999&dweight=0&m=10&pds=0.9999&n=10&
PeakThreadCount#DIFFERENCE#JVM§SPS§1.0§0.0§pdv=0.9999&pos=0.9999&pov=0.9999&dweight=0&m=10&pds=0.9999&n=10&
PageIn#PLAIN#CENTOS§SPS§1.0§0.0§pdv=0.9999&pos=0.9999&pov=0.9999&dweight=0&m=10&pds=0.9999&n=10&
PageIn#DIFFERENCE#CENTOS§SPS§1.0§0.0§pdv=0.9999&pos=0.9999&pov=0.9999&dweight=0&m=10&pds=0.9999&n=10&
FreeSwapSpaceSize#PLAIN#JVM§SPS§1.0§0.0§pdv=0.9999&pos=0.9999&pov=0.9999&dweight=0&m=10&pds=0.9999&n=10&
FreeSwapSpaceSize#DIFFERENCE#JVM§SPS§1.0§0.0§pdv=0.9999&pos=0.9999&pov=0.9999&dweight=0&m=10&pds=0.9999&n=10&
TotalStartedThreadCount#PLAIN#JVM§SPS§1.0§0.0§pdv=0.9999&pos=0.9999&pov=0.9999&dweight=0&m=10&pds=0.9999&n=10&
TotalStartedThreadCount#DIFFERENCE#JVM§SPS§1.0§0.0§pdv=0.9999&pos=0.9999&pov=0.9999&dweight=0&m=10&pds=0.9999&n=10&
TotalLoadedClassCount#PLAIN#JVM§SPS§1.0§0.0§pdv=0.9999&pos=0.9999&pov=0.9999&dweight=0&m=10&pds=0.9999&n=10&
TotalLoadedClassCount#DIFFERENCE#JVM§SPS§1.0§0.0§pdv=0.9999&pos=0.9999&pov=0.9999&dweight=0&m=10&pds=0.9999&n=10&
Net_Received#PLAIN#UNIX_NETWORK§SPS§1.0§0.0§pdv=0.9999&pos=0.9999&pov=0.9999&dweight=0&m=10&pds=0.9999&n=10&
Net_Received#DIFFERENCE#UNIX_NETWORK§SPS§1.0§0.0§pdv=0.9999&pos=0.9999&pov=0.9999&dweight=0&m=10&pds=0.9999&n=10&
Major Page Faults#PLAIN#CENTOS§SPS§1.0§0.0§pdv=0.9999&pos=0.9999&pov=0.9999&dweight=0&m=10&pds=0.9999&n=10&
Major Page Faults#DIFFERENCE#CENTOS§SPS§1.0§0.0§pdv=0.9999&pos=0.9999&pov=0.9999&dweight=0&m=10&pds=0.9999&n=10&
ThreadCount#PLAIN#JVM§SPS§1.0§0.0§pdv=0.9999&pos=0.9999&pov=0.9999&dweight=0&m=10&pds=0.9999&n=10&
ThreadCount#DIFFERENCE#JVM§SPS§1.0§0.0§pdv=0.9999&pos=0.9999&pov=0.9999&dweight=0&m=10&pds=0.9999&n=10&
CPU I/O Wait Processes#PLAIN#CENTOS§SPS§1.0§0.0§pdv=0.9999&pos=0.9999&pov=0.9999&dweight=0&m=10&pds=0.9999&n=10&
Buffers#PLAIN#CENTOS§SPS§1.0§0.0§pdv=0.9999&pos=0.9999&pov=0.9999&dweight=0&m=10&pds=0.9999&n=10&
Buffers#DIFFERENCE#CENTOS§SPS§1.0§0.0§pdv=0.9999&pos=0.9999&pov=0.9999&dweight=0&m=10&pds=0.9999&n=10&
(TotalLoadedClassCount#DIFFERENCE#JVM)+(LoadedClassCount#DIFFERENCE#JVM)#PLAIN#COMPOSITION§SPS§1.0§0.0§pdv=0.9999&pos=0.9999&pov=0.9999&dweight=0&m=10&pds=0.9999&n=10&
(TotalLoadedClassCount#DIFFERENCE#JVM)-(LoadedClassCount#DIFFERENCE#JVM)#PLAIN#COMPOSITION§SPS§1.0§0.0§pdv=0.9999&pos=0.9999&pov=0.9999&dweight=0&m=10&pds=0.9999&n=10&
(TotalLoadedClassCount#DIFFERENCE#JVM)+(LoadedClassCount#DIFFERENCE#JVM)#DIFFERENCE#COMPOSITION§SPS§1.0§0.0§pdv=0.9999&pos=0.9999&pov=0.9999&dweight=0&m=10&pds=0.9999&n=10&
(TotalLoadedClassCount#DIFFERENCE#JVM)-(LoadedClassCount#DIFFERENCE#JVM)#DIFFERENCE#COMPOSITION§SPS§1.0§0.0§pdv=0.9999&pos=0.9999&pov=0.9999&dweight=0&m=10&pds=0.9999&n=10&
(TotalLoadedClassCount#DIFFERENCE#JVM)/(LoadedClassCount#DIFFERENCE#JVM)#DIFFERENCE#COMPOSITION§SPS§1.0§0.0§pdv=0.9999&pos=0.9999&pov=0.9999&dweight=0&m=10&pds=0.9999&n=10&
(LoadedClassCount#PLAIN#JVM)+(TotalLoadedClassCount#PLAIN#JVM)#PLAIN#COMPOSITION§SPS§1.0§0.0§pdv=0.9999&pos=0.9999&pov=0.9999&dweight=0&m=10&pds=0.9999&n=10&
(LoadedClassCount#PLAIN#JVM)-(TotalLoadedClassCount#PLAIN#JVM)#PLAIN#COMPOSITION§SPS§1.0§0.0§pdv=0.9999&pos=0.9999&pov=0.9999&dweight=0&m=10&pds=0.9999&n=10&
(LoadedClassCount#PLAIN#JVM)/(TotalLoadedClassCount#PLAIN#JVM)#PLAIN#COMPOSITION§SPS§1.0§0.0§pdv=0.9999&pos=0.9999&pov=0.9999&dweight=0&m=10&pds=0.9999&n=10&
(LoadedClassCount#PLAIN#JVM)+(TotalLoadedClassCount#PLAIN#JVM)#DIFFERENCE#COMPOSITION§SPS§1.0§0.0§pdv=0.9999&pos=0.9999&pov=0.9999&dweight=0&m=10&pds=0.9999&n=10&
(LoadedClassCount#PLAIN#JVM)-(TotalLoadedClassCount#PLAIN#JVM)#DIFFERENCE#COMPOSITION§SPS§1.0§0.0§pdv=0.9999&pos=0.9999&pov=0.9999&dweight=0&m=10&pds=0.9999&n=10&
(LoadedClassCount#PLAIN#JVM)/(TotalLoadedClassCount#PLAIN#JVM)#DIFFERENCE#COMPOSITION§SPS§1.0§0.0§pdv=0.9999&pos=0.9999&pov=0.9999&dweight=0&m=10&pds=0.9999&n=10&
(Tcp_Close#PLAIN#UNIX_NETWORK)+(Tcp_Established#PLAIN#UNIX_NETWORK)#PLAIN#COMPOSITION§SPS§1.0§0.0§pdv=0.9999&pos=0.9999&pov=0.9999&dweight=0&m=10&pds=0.9999&n=10&
(Tcp_Close#PLAIN#UNIX_NETWORK)+(Tcp_Established#PLAIN#UNIX_NETWORK)#DIFFERENCE#COMPOSITION§SPS§1.0§0.0§pdv=0.9999&pos=0.9999&pov=0.9999&dweight=0&m=10&pds=0.9999&n=10&
(LoadedClassCount#DIFFERENCE#JVM)+(TotalLoadedClassCount#DIFFERENCE#JVM)#PLAIN#COMPOSITION§SPS§1.0§0.0§pdv=0.9999&pos=0.9999&pov=0.9999&dweight=0&m=10&pds=0.9999&n=10&
(LoadedClassCount#DIFFERENCE#JVM)-(TotalLoadedClassCount#DIFFERENCE#JVM)#PLAIN#COMPOSITION§SPS§1.0§0.0§pdv=0.9999&pos=0.9999&pov=0.9999&dweight=0&m=10&pds=0.9999&n=10&
(LoadedClassCount#DIFFERENCE#JVM)+(TotalLoadedClassCount#DIFFERENCE#JVM)#DIFFERENCE#COMPOSITION§SPS§1.0§0.0§pdv=0.9999&pos=0.9999&pov=0.9999&dweight=0&m=10&pds=0.9999&n=10&
(LoadedClassCount#DIFFERENCE#JVM)-(TotalLoadedClassCount#DIFFERENCE#JVM)#DIFFERENCE#COMPOSITION§SPS§1.0§0.0§pdv=0.9999&pos=0.9999&pov=0.9999&dweight=0&m=10&pds=0.9999&n=10&
(LoadedClassCount#DIFFERENCE#JVM)/(TotalLoadedClassCount#DIFFERENCE#JVM)#DIFFERENCE#COMPOSITION§SPS§1.0§0.0§pdv=0.9999&pos=0.9999&pov=0.9999&dweight=0&m=10&pds=0.9999&n=10&
(CPU I/O Wait Processes#PLAIN#CENTOS)+(CPU Idle Processes#PLAIN#CENTOS)#PLAIN#COMPOSITION§SPS§1.0§0.0§pdv=0.9999&pos=0.9999&pov=0.9999&dweight=0&m=10&pds=0.9999&n=10&
(CPU I/O Wait Processes#PLAIN#CENTOS)/(CPU Idle Processes#PLAIN#CENTOS)#PLAIN#COMPOSITION§SPS§1.0§0.0§pdv=0.9999&pos=0.9999&pov=0.9999&dweight=0&m=10&pds=0.9999&n=10&
(Tcp_Close#DIFFERENCE#UNIX_NETWORK)+(Tcp_Established#DIFFERENCE#UNIX_NETWORK)#PLAIN#COMPOSITION§SPS§1.0§0.0§pdv=0.9999&pos=0.9999&pov=0.9999&dweight=0&m=10&pds=0.9999&n=10&
(Tcp_Close#DIFFERENCE#UNIX_NETWORK)+(Tcp_Established#DIFFERENCE#UNIX_NETWORK)#DIFFERENCE#COMPOSITION§SPS§1.0§0.0§pdv=0.9999&pos=0.9999&pov=0.9999&dweight=0&m=10&pds=0.9999&n=10&
